{
  "Packages": [
    {
      "Package": {
        "Id": "UiPath.Excel.Activities",
        "Version": "2.11.4"
      },
      "Assemblies": [
        "C:\\Users\\AFRIN\\.nuget\\packages\\closedxml/0.87.1\\lib/net40/ClosedXML.dll",
        "C:\\Users\\AFRIN\\.nuget\\packages\\csvhelper/16.0.0\\lib/net45/CsvHelper.dll",
        "C:\\Users\\AFRIN\\.nuget\\packages\\documentformat.openxml/2.5.0\\lib/DocumentFormat.OpenXml.dll",
        "C:\\Users\\AFRIN\\.nuget\\packages\\microsoft.visualstudio.ole.interop/16.7.30328.74\\lib/net45/Microsoft.VisualStudio.OLE.Interop.dll",
        "C:\\Users\\AFRIN\\.nuget\\packages\\npoi/2.4.1\\lib/net45/NPOI.OOXML.dll",
        "C:\\Users\\AFRIN\\.nuget\\packages\\npoi/2.4.1\\lib/net45/NPOI.OpenXml4Net.dll",
        "C:\\Users\\AFRIN\\.nuget\\packages\\npoi/2.4.1\\lib/net45/NPOI.OpenXmlFormats.dll",
        "C:\\Users\\AFRIN\\.nuget\\packages\\npoi/2.4.1\\lib/net45/NPOI.dll",
        "C:\\Users\\AFRIN\\.nuget\\packages\\sharpziplib/1.2.0\\lib/net45/ICSharpCode.SharpZipLib.dll",
        "C:\\Users\\AFRIN\\.nuget\\packages\\system.valuetuple/4.5.0\\lib/net461/System.ValueTuple.dll",
        "C:\\Users\\AFRIN\\.nuget\\packages\\uipath.excel.activities/2.11.4\\lib/net461/Microsoft.Office.Interop.Excel.dll",
        "C:\\Users\\AFRIN\\.nuget\\packages\\uipath.excel.activities/2.11.4\\lib/net461/Microsoft.Vbe.Interop.dll",
        "C:\\Users\\AFRIN\\.nuget\\packages\\uipath.excel.activities/2.11.4\\lib/net461/Office.dll",
        "C:\\Users\\AFRIN\\.nuget\\packages\\uipath.excel.activities/2.11.4\\lib/net461/UiPath.Excel.Activities.Design.dll",
        "C:\\Users\\AFRIN\\.nuget\\packages\\uipath.excel.activities/2.11.4\\lib/net461/UiPath.Excel.Activities.Package.dll",
        "C:\\Users\\AFRIN\\.nuget\\packages\\uipath.excel.activities/2.11.4\\lib/net461/UiPath.Excel.Activities.dll",
        "C:\\Users\\AFRIN\\.nuget\\packages\\uipath.excel.activities/2.11.4\\lib/net461/UiPath.Excel.dll"
      ],
      "Path": "C:\\Users\\AFRIN\\.nuget\\packages\\uipath.excel.activities\\2.11.4"
    },
    {
      "Package": {
        "Id": "UiPath.Mail.Activities",
        "Version": "1.12.3"
      },
      "Assemblies": [
        "C:\\Users\\AFRIN\\.nuget\\packages\\google.apis/1.43.0\\lib/net45/Google.Apis.PlatformServices.dll",
        "C:\\Users\\AFRIN\\.nuget\\packages\\google.apis/1.43.0\\lib/net45/Google.Apis.dll",
        "C:\\Users\\AFRIN\\.nuget\\packages\\google.apis.auth/1.43.0\\lib/net45/Google.Apis.Auth.PlatformServices.dll",
        "C:\\Users\\AFRIN\\.nuget\\packages\\google.apis.auth/1.43.0\\lib/net45/Google.Apis.Auth.dll",
        "C:\\Users\\AFRIN\\.nuget\\packages\\google.apis.calendar.v3/1.43.0.1872\\lib/net45/Google.Apis.Calendar.v3.dll",
        "C:\\Users\\AFRIN\\.nuget\\packages\\google.apis.core/1.43.0\\lib/net45/Google.Apis.Core.dll",
        "C:\\Users\\AFRIN\\.nuget\\packages\\google.apis.gmail.v1/1.43.0.1859\\lib/net45/Google.Apis.Gmail.v1.dll",
        "C:\\Users\\AFRIN\\.nuget\\packages\\google.apis.peopleservice.v1/1.43.0.1876\\lib/net45/Google.Apis.PeopleService.v1.dll",
        "C:\\Users\\AFRIN\\.nuget\\packages\\mailkit/2.10.0\\lib/net46/MailKit.dll",
        "C:\\Users\\AFRIN\\.nuget\\packages\\microsoft.exchange.webservices/2.2.0\\lib/40/Microsoft.Exchange.WebServices.Auth.dll",
        "C:\\Users\\AFRIN\\.nuget\\packages\\microsoft.exchange.webservices/2.2.0\\lib/40/Microsoft.Exchange.WebServices.dll",
        "C:\\Users\\AFRIN\\.nuget\\packages\\microsoft.extensions.filesystemglobbing/5.0.0\\lib/net461/Microsoft.Extensions.FileSystemGlobbing.dll",
        "C:\\Users\\AFRIN\\.nuget\\packages\\microsoft.identity.client/4.32.0\\lib/net461/Microsoft.Identity.Client.dll",
        "C:\\Users\\AFRIN\\.nuget\\packages\\microsoft.identity.client.desktop/4.32.0\\lib/net461/Microsoft.Identity.Client.Desktop.dll",
        "C:\\Users\\AFRIN\\.nuget\\packages\\microsoft.web.webview2/1.0.705.50\\lib/net45/Microsoft.Web.WebView2.Core.dll",
        "C:\\Users\\AFRIN\\.nuget\\packages\\microsoft.web.webview2/1.0.705.50\\lib/net45/Microsoft.Web.WebView2.WinForms.dll",
        "C:\\Users\\AFRIN\\.nuget\\packages\\microsoft.web.webview2/1.0.705.50\\lib/net45/Microsoft.Web.WebView2.Wpf.dll",
        "C:\\Users\\AFRIN\\.nuget\\packages\\mimekit/2.10.0\\lib/net46/MimeKit.dll",
        "C:\\Users\\AFRIN\\.nuget\\packages\\newtonsoft.json/11.0.2\\lib/net45/Newtonsoft.Json.dll",
        "C:\\Users\\AFRIN\\.nuget\\packages\\nito.asyncex.context/5.1.0\\lib/netstandard2.0/Nito.AsyncEx.Context.dll",
        "C:\\Users\\AFRIN\\.nuget\\packages\\nito.asyncex.coordination/5.1.0\\lib/netstandard2.0/Nito.AsyncEx.Coordination.dll",
        "C:\\Users\\AFRIN\\.nuget\\packages\\nito.asyncex.interop.waithandles/5.1.0\\lib/netstandard2.0/Nito.AsyncEx.Interop.WaitHandles.dll",
        "C:\\Users\\AFRIN\\.nuget\\packages\\nito.asyncex.oop/5.1.0\\lib/netstandard2.0/Nito.AsyncEx.Oop.dll",
        "C:\\Users\\AFRIN\\.nuget\\packages\\nito.asyncex.tasks/5.1.0\\lib/netstandard2.0/Nito.AsyncEx.Tasks.dll",
        "C:\\Users\\AFRIN\\.nuget\\packages\\nito.cancellation/1.1.0\\lib/netstandard2.0/Nito.Cancellation.dll",
        "C:\\Users\\AFRIN\\.nuget\\packages\\nito.collections.deque/1.1.0\\lib/netstandard2.0/Nito.Collections.Deque.dll",
        "C:\\Users\\AFRIN\\.nuget\\packages\\nito.disposables/2.2.0\\lib/net461/Nito.Disposables.dll",
        "C:\\Users\\AFRIN\\.nuget\\packages\\portable.bouncycastle/1.8.8\\lib/net40/BouncyCastle.Crypto.dll",
        "C:\\Users\\AFRIN\\.nuget\\packages\\system.buffers/4.5.1\\lib/net461/System.Buffers.dll",
        "C:\\Users\\AFRIN\\.nuget\\packages\\system.collections.immutable/5.0.0\\lib/net461/System.Collections.Immutable.dll",
        "C:\\Users\\AFRIN\\.nuget\\packages\\system.io.abstractions/3.0.10\\lib/net40/System.IO.Abstractions.dll",
        "C:\\Users\\AFRIN\\.nuget\\packages\\system.memory/4.5.4\\lib/net461/System.Memory.dll",
        "C:\\Users\\AFRIN\\.nuget\\packages\\system.numerics.vectors/4.5.0\\lib/net46/System.Numerics.Vectors.dll",
        "C:\\Users\\AFRIN\\.nuget\\packages\\system.runtime.compilerservices.unsafe/4.7.1\\lib/net461/System.Runtime.CompilerServices.Unsafe.dll",
        "C:\\Users\\AFRIN\\.nuget\\packages\\system.threading.tasks.dataflow/5.0.0\\lib/net461/System.Threading.Tasks.Dataflow.dll",
        "C:\\Users\\AFRIN\\.nuget\\packages\\system.valuetuple/4.5.0\\lib/net461/System.ValueTuple.dll",
        "C:\\Users\\AFRIN\\.nuget\\packages\\uipath.activities.runtimegovernance/1.1.3\\lib/net461/UiPath.Activities.RuntimeGovernance.dll",
        "C:\\Users\\AFRIN\\.nuget\\packages\\uipath.connectionclient/1.0.0-20210921.1\\lib/net461/ConnectionClient.dll",
        "C:\\Users\\AFRIN\\.nuget\\packages\\uipath.mail.activities/1.12.3\\lib/net461/Interop.Domino.UiPath.dll",
        "C:\\Users\\AFRIN\\.nuget\\packages\\uipath.mail.activities/1.12.3\\lib/net461/Microsoft.Office.Interop.Outlook.dll",
        "C:\\Users\\AFRIN\\.nuget\\packages\\uipath.mail.activities/1.12.3\\lib/net461/Microsoft.Office.Interop.Word.dll",
        "C:\\Users\\AFRIN\\.nuget\\packages\\uipath.mail.activities/1.12.3\\lib/net461/Office.dll",
        "C:\\Users\\AFRIN\\.nuget\\packages\\uipath.mail.activities/1.12.3\\lib/net461/UiPath.Mail.Activities.Design.dll",
        "C:\\Users\\AFRIN\\.nuget\\packages\\uipath.mail.activities/1.12.3\\lib/net461/UiPath.Mail.Activities.Package.dll",
        "C:\\Users\\AFRIN\\.nuget\\packages\\uipath.mail.activities/1.12.3\\lib/net461/UiPath.Mail.Activities.dll",
        "C:\\Users\\AFRIN\\.nuget\\packages\\uipath.mail.activities/1.12.3\\lib/net461/UiPath.Mail.dll",
        "C:\\Users\\AFRIN\\.nuget\\packages\\uipath.mail.activities/1.12.3\\lib/net461/UiPath.MainSessionServer.Shared.dll",
        "C:\\Users\\AFRIN\\.nuget\\packages\\uipath.platform/21.10.0\\lib/net461/UiPath.Platform.dll",
        "C:\\Users\\AFRIN\\.nuget\\packages\\uipath.telemetry.client/1.5.3\\lib/net461/TelemetryClient.dll"
      ],
      "Path": "C:\\Users\\AFRIN\\.nuget\\packages\\uipath.mail.activities\\1.12.3"
    },
    {
      "Package": {
        "Id": "UiPath.System.Activities",
        "Version": "21.10.6"
      },
      "Assemblies": [
        "C:\\Users\\AFRIN\\.nuget\\packages\\csvhelper/16.0.0\\lib/net45/CsvHelper.dll",
        "C:\\Users\\AFRIN\\.nuget\\packages\\microsoft.aspnet.signalr.client/2.4.0\\lib/net45/Microsoft.AspNet.SignalR.Client.dll",
        "C:\\Users\\AFRIN\\.nuget\\packages\\microsoft.aspnetcore.connections.abstractions/3.1.6\\lib/netstandard2.0/Microsoft.AspNetCore.Connections.Abstractions.dll",
        "C:\\Users\\AFRIN\\.nuget\\packages\\microsoft.aspnetcore.http.connections.client/3.1.6\\lib/netstandard2.0/Microsoft.AspNetCore.Http.Connections.Client.dll",
        "C:\\Users\\AFRIN\\.nuget\\packages\\microsoft.aspnetcore.http.connections.common/3.1.6\\lib/netstandard2.0/Microsoft.AspNetCore.Http.Connections.Common.dll",
        "C:\\Users\\AFRIN\\.nuget\\packages\\microsoft.aspnetcore.http.features/3.1.6\\lib/netstandard2.0/Microsoft.AspNetCore.Http.Features.dll",
        "C:\\Users\\AFRIN\\.nuget\\packages\\microsoft.aspnetcore.signalr.client/3.1.6\\lib/netstandard2.0/Microsoft.AspNetCore.SignalR.Client.dll",
        "C:\\Users\\AFRIN\\.nuget\\packages\\microsoft.aspnetcore.signalr.client.core/3.1.6\\lib/netstandard2.0/Microsoft.AspNetCore.SignalR.Client.Core.dll",
        "C:\\Users\\AFRIN\\.nuget\\packages\\microsoft.aspnetcore.signalr.common/3.1.6\\lib/netstandard2.0/Microsoft.AspNetCore.SignalR.Common.dll",
        "C:\\Users\\AFRIN\\.nuget\\packages\\microsoft.aspnetcore.signalr.protocols.json/3.1.6\\lib/netstandard2.0/Microsoft.AspNetCore.SignalR.Protocols.Json.dll",
        "C:\\Users\\AFRIN\\.nuget\\packages\\microsoft.bcl.asyncinterfaces/1.1.1\\lib/net461/Microsoft.Bcl.AsyncInterfaces.dll",
        "C:\\Users\\AFRIN\\.nuget\\packages\\microsoft.codeanalysis.common/3.8.0\\lib/netstandard2.0/Microsoft.CodeAnalysis.dll",
        "C:\\Users\\AFRIN\\.nuget\\packages\\microsoft.codeanalysis.csharp/3.8.0\\lib/netstandard2.0/Microsoft.CodeAnalysis.CSharp.dll",
        "C:\\Users\\AFRIN\\.nuget\\packages\\microsoft.codeanalysis.visualbasic/3.8.0\\lib/netstandard2.0/Microsoft.CodeAnalysis.VisualBasic.dll",
        "C:\\Users\\AFRIN\\.nuget\\packages\\microsoft.extensions.configuration/3.1.6\\lib/netstandard2.0/Microsoft.Extensions.Configuration.dll",
        "C:\\Users\\AFRIN\\.nuget\\packages\\microsoft.extensions.configuration.abstractions/3.1.6\\lib/netstandard2.0/Microsoft.Extensions.Configuration.Abstractions.dll",
        "C:\\Users\\AFRIN\\.nuget\\packages\\microsoft.extensions.configuration.binder/3.1.6\\lib/netstandard2.0/Microsoft.Extensions.Configuration.Binder.dll",
        "C:\\Users\\AFRIN\\.nuget\\packages\\microsoft.extensions.dependencyinjection/3.1.6\\lib/net461/Microsoft.Extensions.DependencyInjection.dll",
        "C:\\Users\\AFRIN\\.nuget\\packages\\microsoft.extensions.dependencyinjection.abstractions/3.1.6\\lib/netstandard2.0/Microsoft.Extensions.DependencyInjection.Abstractions.dll",
        "C:\\Users\\AFRIN\\.nuget\\packages\\microsoft.extensions.logging/3.1.6\\lib/netstandard2.0/Microsoft.Extensions.Logging.dll",
        "C:\\Users\\AFRIN\\.nuget\\packages\\microsoft.extensions.logging.abstractions/3.1.6\\lib/netstandard2.0/Microsoft.Extensions.Logging.Abstractions.dll",
        "C:\\Users\\AFRIN\\.nuget\\packages\\microsoft.extensions.options/3.1.6\\lib/netstandard2.0/Microsoft.Extensions.Options.dll",
        "C:\\Users\\AFRIN\\.nuget\\packages\\microsoft.extensions.primitives/3.1.6\\lib/netstandard2.0/Microsoft.Extensions.Primitives.dll",
        "C:\\Users\\AFRIN\\.nuget\\packages\\microsoft.rest.clientruntime/2.3.21\\lib/net461/Microsoft.Rest.ClientRuntime.dll",
        "C:\\Users\\AFRIN\\.nuget\\packages\\newtonsoft.json/11.0.2\\lib/net45/Newtonsoft.Json.dll",
        "C:\\Users\\AFRIN\\.nuget\\packages\\sharpziplib/1.2.0\\lib/net45/ICSharpCode.SharpZipLib.dll",
        "C:\\Users\\AFRIN\\.nuget\\packages\\system.buffers/4.5.1\\lib/net461/System.Buffers.dll",
        "C:\\Users\\AFRIN\\.nuget\\packages\\system.collections.immutable/5.0.0\\lib/net461/System.Collections.Immutable.dll",
        "C:\\Users\\AFRIN\\.nuget\\packages\\system.componentmodel.annotations/4.7.0\\lib/net461/System.ComponentModel.Annotations.dll",
        "C:\\Users\\AFRIN\\.nuget\\packages\\system.io.abstractions/3.0.10\\lib/net40/System.IO.Abstractions.dll",
        "C:\\Users\\AFRIN\\.nuget\\packages\\system.io.pipelines/4.7.1\\lib/netstandard2.0/System.IO.Pipelines.dll",
        "C:\\Users\\AFRIN\\.nuget\\packages\\system.management.automation/6.1.7601.17515\\lib/net45/System.Management.Automation.dll",
        "C:\\Users\\AFRIN\\.nuget\\packages\\system.memory/4.5.4\\lib/net461/System.Memory.dll",
        "C:\\Users\\AFRIN\\.nuget\\packages\\system.numerics.vectors/4.5.0\\lib/net46/System.Numerics.Vectors.dll",
        "C:\\Users\\AFRIN\\.nuget\\packages\\system.reflection.metadata/5.0.0\\lib/net461/System.Reflection.Metadata.dll",
        "C:\\Users\\AFRIN\\.nuget\\packages\\system.runtime.compilerservices.unsafe/4.7.1\\lib/net461/System.Runtime.CompilerServices.Unsafe.dll",
        "C:\\Users\\AFRIN\\.nuget\\packages\\system.text.encoding.codepages/4.5.1\\runtimes/win/lib/net461/System.Text.Encoding.CodePages.dll",
        "C:\\Users\\AFRIN\\.nuget\\packages\\system.text.encodings.web/4.7.1\\lib/net461/System.Text.Encodings.Web.dll",
        "C:\\Users\\AFRIN\\.nuget\\packages\\system.text.json/4.7.2\\lib/net461/System.Text.Json.dll",
        "C:\\Users\\AFRIN\\.nuget\\packages\\system.threading.channels/4.7.1\\lib/net461/System.Threading.Channels.dll",
        "C:\\Users\\AFRIN\\.nuget\\packages\\system.threading.tasks.dataflow/5.0.0\\lib/net461/System.Threading.Tasks.Dataflow.dll",
        "C:\\Users\\AFRIN\\.nuget\\packages\\system.threading.tasks.extensions/4.5.4\\lib/net461/System.Threading.Tasks.Extensions.dll",
        "C:\\Users\\AFRIN\\.nuget\\packages\\system.valuetuple/4.5.0\\lib/net461/System.ValueTuple.dll",
        "C:\\Users\\AFRIN\\.nuget\\packages\\uipath.platform/21.10.0\\lib/net461/UiPath.Platform.dll",
        "C:\\Users\\AFRIN\\.nuget\\packages\\uipath.system.activities/21.10.6\\lib/net461/UiPath.OrchestratorClient.dll",
        "C:\\Users\\AFRIN\\.nuget\\packages\\uipath.system.activities/21.10.6\\lib/net461/UiPath.System.Activities.Design.dll",
        "C:\\Users\\AFRIN\\.nuget\\packages\\uipath.system.activities/21.10.6\\lib/net461/UiPath.System.Activities.dll",
        "C:\\Users\\AFRIN\\.nuget\\packages\\uipath.telemetry.client/1.5.3\\lib/net461/TelemetryClient.dll"
      ],
      "Path": "C:\\Users\\AFRIN\\.nuget\\packages\\uipath.system.activities\\21.10.6"
    },
    {
      "Package": {
        "Id": "UiPath.UIAutomation.Activities",
        "Version": "21.10.8"
      },
      "Assemblies": [
        "C:\\Users\\AFRIN\\.nuget\\packages\\newtonsoft.json/11.0.2\\lib/net45/Newtonsoft.Json.dll",
        "C:\\Users\\AFRIN\\.nuget\\packages\\system.io.abstractions/3.0.10\\lib/net40/System.IO.Abstractions.dll",
        "C:\\Users\\AFRIN\\.nuget\\packages\\system.threading.tasks.dataflow/5.0.0\\lib/net461/System.Threading.Tasks.Dataflow.dll",
        "C:\\Users\\AFRIN\\.nuget\\packages\\system.valuetuple/4.5.0\\lib/net461/System.ValueTuple.dll",
        "C:\\Users\\AFRIN\\.nuget\\packages\\uipath/21.10.49.13436\\lib/net45/UiPath.Interop.dll",
        "C:\\Users\\AFRIN\\.nuget\\packages\\uipath.activities.runtimegovernance/1.1.3\\lib/net461/UiPath.Activities.RuntimeGovernance.dll",
        "C:\\Users\\AFRIN\\.nuget\\packages\\uipath.imageprocessing/21.10.3\\lib/net461/UiPath.ImageProcessingInterop.dll",
        "C:\\Users\\AFRIN\\.nuget\\packages\\uipath.ocr.activities/3.3.2\\lib/net461/UiPath.OCR.Activities.Design.dll",
        "C:\\Users\\AFRIN\\.nuget\\packages\\uipath.ocr.activities/3.3.2\\lib/net461/UiPath.OCR.Activities.dll",
        "C:\\Users\\AFRIN\\.nuget\\packages\\uipath.ocr.activities/3.3.2\\lib/net461/UiPath.OCR.Core.dll",
        "C:\\Users\\AFRIN\\.nuget\\packages\\uipath.ocr.contracts/2.9.1\\lib/net461/UiPath.OCR.Contracts.dll",
        "C:\\Users\\AFRIN\\.nuget\\packages\\uipath.platform/21.10.0\\lib/net461/UiPath.Platform.dll",
        "C:\\Users\\AFRIN\\.nuget\\packages\\uipath.telemetry.client/1.5.3\\lib/net461/TelemetryClient.dll",
        "C:\\Users\\AFRIN\\.nuget\\packages\\uipath.uiautomation.activities/21.10.8\\lib/net461/UiPath.CV.Activities.Design.dll",
        "C:\\Users\\AFRIN\\.nuget\\packages\\uipath.uiautomation.activities/21.10.8\\lib/net461/UiPath.CV.Activities.dll",
        "C:\\Users\\AFRIN\\.nuget\\packages\\uipath.uiautomation.activities/21.10.8\\lib/net461/UiPath.CV.dll",
        "C:\\Users\\AFRIN\\.nuget\\packages\\uipath.uiautomation.activities/21.10.8\\lib/net461/UiPath.UIAutomation.Activities.Design.dll",
        "C:\\Users\\AFRIN\\.nuget\\packages\\uipath.uiautomation.activities/21.10.8\\lib/net461/UiPath.UIAutomationCore.dll",
        "C:\\Users\\AFRIN\\.nuget\\packages\\uipath.uiautomation.activities/21.10.8\\lib/net461/UiPath.UIAutomationNext.Activities.Design.dll",
        "C:\\Users\\AFRIN\\.nuget\\packages\\uipath.uiautomation.activities/21.10.8\\lib/net461/UiPath.UIAutomationNext.Activities.dll",
        "C:\\Users\\AFRIN\\.nuget\\packages\\uipath.uiautomation.activities/21.10.8\\lib/net461/UiPath.UIAutomationNext.dll",
        "C:\\Users\\AFRIN\\.nuget\\packages\\uipath.uiautomation.activities/21.10.8\\lib/net461/UiPath.UiAutomation.Activities.dll",
        "C:\\Users\\AFRIN\\.nuget\\packages\\uipath.uiautomation.activities/21.10.8\\lib/net461/UiPath.Wizards.dll",
        "C:\\Users\\AFRIN\\.nuget\\packages\\uipath.vision/3.1.4\\lib/net461/UiPath.Vision.AzureComputerVision.dll",
        "C:\\Users\\AFRIN\\.nuget\\packages\\uipath.vision/3.1.4\\lib/net461/UiPath.Vision.Core.dll",
        "C:\\Users\\AFRIN\\.nuget\\packages\\uipath.vision/3.1.4\\lib/net461/UiPath.Vision.GoogleCloud.dll",
        "C:\\Users\\AFRIN\\.nuget\\packages\\uipath.vision/3.1.4\\lib/net461/UiPath.Vision.Microsoft.dll",
        "C:\\Users\\AFRIN\\.nuget\\packages\\uipath.vision/3.1.4\\lib/net461/UiPath.Vision.Tesseract.dll",
        "C:\\Users\\AFRIN\\.nuget\\packages\\uipath.vision/3.1.4\\lib/net461/UiPath.Vision.dll"
      ],
      "Path": "C:\\Users\\AFRIN\\.nuget\\packages\\uipath.uiautomation.activities\\21.10.8"
    }
  ],
  "Conflicts": [],
  "ResolvedDependencies": {
    "ClosedXML": {
      "Id": "ClosedXML",
      "Version": "0.87.1",
      "Dependencies": [
        {
          "Item1": "DocumentFormat.OpenXml",
          "Item2": "[2.5.0, )"
        }
      ]
    },
    "CsvHelper": {
      "Id": "CsvHelper",
      "Version": "16.0.0",
      "Dependencies": [
        {
          "Item1": "Microsoft.CSharp",
          "Item2": "[4.5.0, )"
        },
        {
          "Item1": "System.ValueTuple",
          "Item2": "[4.4.0, )"
        }
      ]
    },
    "DocumentFormat.OpenXml": {
      "Id": "DocumentFormat.OpenXml",
      "Version": "2.5.0",
      "Dependencies": []
    },
    "Google.Apis": {
      "Id": "Google.Apis",
      "Version": "1.43.0",
      "Dependencies": [
        {
          "Item1": "Google.Apis.Core",
          "Item2": "[1.43.0, )"
        },
        {
          "Item1": "Newtonsoft.Json",
          "Item2": "[10.0.2, )"
        }
      ]
    },
    "Google.Apis.Auth": {
      "Id": "Google.Apis.Auth",
      "Version": "1.43.0",
      "Dependencies": [
        {
          "Item1": "Google.Apis.Core",
          "Item2": "[1.43.0, )"
        },
        {
          "Item1": "Google.Apis",
          "Item2": "[1.43.0, )"
        }
      ]
    },
    "Google.Apis.Calendar.v3": {
      "Id": "Google.Apis.Calendar.v3",
      "Version": "1.43.0.1872",
      "Dependencies": [
        {
          "Item1": "Google.Apis",
          "Item2": "[1.43.0, )"
        },
        {
          "Item1": "Google.Apis.Auth",
          "Item2": "[1.43.0, )"
        }
      ]
    },
    "Google.Apis.Core": {
      "Id": "Google.Apis.Core",
      "Version": "1.43.0",
      "Dependencies": [
        {
          "Item1": "Newtonsoft.Json",
          "Item2": "[10.0.2, )"
        }
      ]
    },
    "Google.Apis.Gmail.v1": {
      "Id": "Google.Apis.Gmail.v1",
      "Version": "1.43.0.1859",
      "Dependencies": [
        {
          "Item1": "Google.Apis",
          "Item2": "[1.43.0, )"
        },
        {
          "Item1": "Google.Apis.Auth",
          "Item2": "[1.43.0, )"
        }
      ]
    },
    "Google.Apis.PeopleService.v1": {
      "Id": "Google.Apis.PeopleService.v1",
      "Version": "1.43.0.1876",
      "Dependencies": [
        {
          "Item1": "Google.Apis",
          "Item2": "[1.43.0, )"
        },
        {
          "Item1": "Google.Apis.Auth",
          "Item2": "[1.43.0, )"
        }
      ]
    },
    "MailKit": {
      "Id": "MailKit",
      "Version": "2.10.0",
      "Dependencies": [
        {
          "Item1": "MimeKit",
          "Item2": "[2.10.0, )"
        }
      ]
    },
    "Microsoft.AspNet.SignalR.Client": {
      "Id": "Microsoft.AspNet.SignalR.Client",
      "Version": "2.4.0",
      "Dependencies": [
        {
          "Item1": "Newtonsoft.Json",
          "Item2": "[6.0.4, )"
        }
      ]
    },
    "Microsoft.AspNetCore.Connections.Abstractions": {
      "Id": "Microsoft.AspNetCore.Connections.Abstractions",
      "Version": "3.1.6",
      "Dependencies": [
        {
          "Item1": "Microsoft.AspNetCore.Http.Features",
          "Item2": "[3.1.6, )"
        },
        {
          "Item1": "Microsoft.Bcl.AsyncInterfaces",
          "Item2": "[1.1.1, )"
        },
        {
          "Item1": "System.IO.Pipelines",
          "Item2": "[4.7.1, )"
        }
      ]
    },
    "Microsoft.AspNetCore.Http.Connections.Client": {
      "Id": "Microsoft.AspNetCore.Http.Connections.Client",
      "Version": "3.1.6",
      "Dependencies": [
        {
          "Item1": "Microsoft.AspNetCore.Http.Connections.Common",
          "Item2": "[3.1.6, )"
        },
        {
          "Item1": "Microsoft.Extensions.Logging.Abstractions",
          "Item2": "[3.1.6, )"
        },
        {
          "Item1": "Microsoft.Extensions.Options",
          "Item2": "[3.1.6, )"
        }
      ]
    },
    "Microsoft.AspNetCore.Http.Connections.Common": {
      "Id": "Microsoft.AspNetCore.Http.Connections.Common",
      "Version": "3.1.6",
      "Dependencies": [
        {
          "Item1": "Microsoft.AspNetCore.Connections.Abstractions",
          "Item2": "[3.1.6, )"
        },
        {
          "Item1": "System.Text.Json",
          "Item2": "[4.7.2, )"
        }
      ]
    },
    "Microsoft.AspNetCore.Http.Features": {
      "Id": "Microsoft.AspNetCore.Http.Features",
      "Version": "3.1.6",
      "Dependencies": [
        {
          "Item1": "Microsoft.Extensions.Primitives",
          "Item2": "[3.1.6, )"
        },
        {
          "Item1": "System.IO.Pipelines",
          "Item2": "[4.7.1, )"
        }
      ]
    },
    "Microsoft.AspNetCore.SignalR.Client": {
      "Id": "Microsoft.AspNetCore.SignalR.Client",
      "Version": "3.1.6",
      "Dependencies": [
        {
          "Item1": "Microsoft.AspNetCore.SignalR.Client.Core",
          "Item2": "[3.1.6, )"
        },
        {
          "Item1": "Microsoft.AspNetCore.Http.Connections.Client",
          "Item2": "[3.1.6, )"
        }
      ]
    },
    "Microsoft.AspNetCore.SignalR.Client.Core": {
      "Id": "Microsoft.AspNetCore.SignalR.Client.Core",
      "Version": "3.1.6",
      "Dependencies": [
        {
          "Item1": "Microsoft.AspNetCore.SignalR.Protocols.Json",
          "Item2": "[3.1.6, )"
        },
        {
          "Item1": "Microsoft.AspNetCore.SignalR.Common",
          "Item2": "[3.1.6, )"
        },
        {
          "Item1": "Microsoft.Bcl.AsyncInterfaces",
          "Item2": "[1.1.1, )"
        },
        {
          "Item1": "Microsoft.Extensions.DependencyInjection",
          "Item2": "[3.1.6, )"
        },
        {
          "Item1": "Microsoft.Extensions.Logging",
          "Item2": "[3.1.6, )"
        },
        {
          "Item1": "System.Threading.Channels",
          "Item2": "[4.7.1, )"
        }
      ]
    },
    "Microsoft.AspNetCore.SignalR.Common": {
      "Id": "Microsoft.AspNetCore.SignalR.Common",
      "Version": "3.1.6",
      "Dependencies": [
        {
          "Item1": "Microsoft.AspNetCore.Connections.Abstractions",
          "Item2": "[3.1.6, )"
        },
        {
          "Item1": "Microsoft.Extensions.Options",
          "Item2": "[3.1.6, )"
        },
        {
          "Item1": "System.Text.Json",
          "Item2": "[4.7.2, )"
        }
      ]
    },
    "Microsoft.AspNetCore.SignalR.Protocols.Json": {
      "Id": "Microsoft.AspNetCore.SignalR.Protocols.Json",
      "Version": "3.1.6",
      "Dependencies": [
        {
          "Item1": "Microsoft.AspNetCore.SignalR.Common",
          "Item2": "[3.1.6, )"
        }
      ]
    },
    "Microsoft.Bcl.AsyncInterfaces": {
      "Id": "Microsoft.Bcl.AsyncInterfaces",
      "Version": "1.1.1",
      "Dependencies": [
        {
          "Item1": "System.Threading.Tasks.Extensions",
          "Item2": "[4.5.4, )"
        }
      ]
    },
    "Microsoft.CodeAnalysis.Analyzers": {
      "Id": "Microsoft.CodeAnalysis.Analyzers",
      "Version": "3.0.0",
      "Dependencies": []
    },
    "Microsoft.CodeAnalysis.Common": {
      "Id": "Microsoft.CodeAnalysis.Common",
      "Version": "3.8.0",
      "Dependencies": [
        {
          "Item1": "Microsoft.CodeAnalysis.Analyzers",
          "Item2": "[3.0.0, )"
        },
        {
          "Item1": "System.Collections.Immutable",
          "Item2": "[5.0.0, )"
        },
        {
          "Item1": "System.Memory",
          "Item2": "[4.5.4, )"
        },
        {
          "Item1": "System.Reflection.Metadata",
          "Item2": "[5.0.0, )"
        },
        {
          "Item1": "System.Runtime.CompilerServices.Unsafe",
          "Item2": "[4.7.1, )"
        },
        {
          "Item1": "System.Text.Encoding.CodePages",
          "Item2": "[4.5.1, )"
        },
        {
          "Item1": "System.Threading.Tasks.Extensions",
          "Item2": "[4.5.4, )"
        }
      ]
    },
    "Microsoft.CodeAnalysis.CSharp": {
      "Id": "Microsoft.CodeAnalysis.CSharp",
      "Version": "3.8.0",
      "Dependencies": [
        {
          "Item1": "Microsoft.CodeAnalysis.Common",
          "Item2": "[3.8.0, 3.8.0]"
        }
      ]
    },
    "Microsoft.CodeAnalysis.VisualBasic": {
      "Id": "Microsoft.CodeAnalysis.VisualBasic",
      "Version": "3.8.0",
      "Dependencies": [
        {
          "Item1": "Microsoft.CodeAnalysis.Common",
          "Item2": "[3.8.0, 3.8.0]"
        }
      ]
    },
    "Microsoft.CSharp": {
      "Id": "Microsoft.CSharp",
      "Version": "4.7.0",
      "Dependencies": []
    },
    "Microsoft.Exchange.WebServices": {
      "Id": "Microsoft.Exchange.WebServices",
      "Version": "2.2.0",
      "Dependencies": []
    },
    "Microsoft.Extensions.Configuration": {
      "Id": "Microsoft.Extensions.Configuration",
      "Version": "3.1.6",
      "Dependencies": [
        {
          "Item1": "Microsoft.Extensions.Configuration.Abstractions",
          "Item2": "[3.1.6, )"
        }
      ]
    },
    "Microsoft.Extensions.Configuration.Abstractions": {
      "Id": "Microsoft.Extensions.Configuration.Abstractions",
      "Version": "3.1.6",
      "Dependencies": [
        {
          "Item1": "Microsoft.Extensions.Primitives",
          "Item2": "[3.1.6, )"
        }
      ]
    },
    "Microsoft.Extensions.Configuration.Binder": {
      "Id": "Microsoft.Extensions.Configuration.Binder",
      "Version": "3.1.6",
      "Dependencies": [
        {
          "Item1": "Microsoft.Extensions.Configuration",
          "Item2": "[3.1.6, )"
        }
      ]
    },
    "Microsoft.Extensions.DependencyInjection": {
      "Id": "Microsoft.Extensions.DependencyInjection",
      "Version": "3.1.6",
      "Dependencies": [
        {
          "Item1": "Microsoft.Extensions.DependencyInjection.Abstractions",
          "Item2": "[3.1.6, )"
        },
        {
          "Item1": "Microsoft.Bcl.AsyncInterfaces",
          "Item2": "[1.1.1, )"
        }
      ]
    },
    "Microsoft.Extensions.DependencyInjection.Abstractions": {
      "Id": "Microsoft.Extensions.DependencyInjection.Abstractions",
      "Version": "3.1.6",
      "Dependencies": []
    },
    "Microsoft.Extensions.FileSystemGlobbing": {
      "Id": "Microsoft.Extensions.FileSystemGlobbing",
      "Version": "5.0.0",
      "Dependencies": []
    },
    "Microsoft.Extensions.Logging": {
      "Id": "Microsoft.Extensions.Logging",
      "Version": "3.1.6",
      "Dependencies": [
        {
          "Item1": "Microsoft.Extensions.Configuration.Binder",
          "Item2": "[3.1.6, )"
        },
        {
          "Item1": "Microsoft.Extensions.DependencyInjection",
          "Item2": "[3.1.6, )"
        },
        {
          "Item1": "Microsoft.Extensions.Logging.Abstractions",
          "Item2": "[3.1.6, )"
        },
        {
          "Item1": "Microsoft.Extensions.Options",
          "Item2": "[3.1.6, )"
        }
      ]
    },
    "Microsoft.Extensions.Logging.Abstractions": {
      "Id": "Microsoft.Extensions.Logging.Abstractions",
      "Version": "3.1.6",
      "Dependencies": []
    },
    "Microsoft.Extensions.Options": {
      "Id": "Microsoft.Extensions.Options",
      "Version": "3.1.6",
      "Dependencies": [
        {
          "Item1": "Microsoft.Extensions.DependencyInjection.Abstractions",
          "Item2": "[3.1.6, )"
        },
        {
          "Item1": "Microsoft.Extensions.Primitives",
          "Item2": "[3.1.6, )"
        },
        {
          "Item1": "System.ComponentModel.Annotations",
          "Item2": "[4.7.0, )"
        }
      ]
    },
    "Microsoft.Extensions.Primitives": {
      "Id": "Microsoft.Extensions.Primitives",
      "Version": "3.1.6",
      "Dependencies": [
        {
          "Item1": "System.Memory",
          "Item2": "[4.5.2, )"
        },
        {
          "Item1": "System.Runtime.CompilerServices.Unsafe",
          "Item2": "[4.7.1, )"
        }
      ]
    },
    "Microsoft.Identity.Client": {
      "Id": "Microsoft.Identity.Client",
      "Version": "4.32.0",
      "Dependencies": []
    },
    "Microsoft.Identity.Client.Desktop": {
      "Id": "Microsoft.Identity.Client.Desktop",
      "Version": "4.32.0",
      "Dependencies": [
        {
          "Item1": "Microsoft.Identity.Client",
          "Item2": "[4.32.0, )"
        },
        {
          "Item1": "Microsoft.Web.WebView2",
          "Item2": "[1.0.705.50, )"
        },
        {
          "Item1": "Microsoft.Windows.SDK.Contracts",
          "Item2": "[10.0.17763.1000, )"
        }
      ]
    },
    "Microsoft.Rest.ClientRuntime": {
      "Id": "Microsoft.Rest.ClientRuntime",
      "Version": "2.3.21",
      "Dependencies": [
        {
          "Item1": "Newtonsoft.Json",
          "Item2": "[10.0.3, )"
        }
      ]
    },
    "Microsoft.VisualBasic": {
      "Id": "Microsoft.VisualBasic",
      "Version": "10.3.0",
      "Dependencies": []
    },
    "Microsoft.VisualStudio.OLE.Interop": {
      "Id": "Microsoft.VisualStudio.OLE.Interop",
      "Version": "16.7.30328.74",
      "Dependencies": []
    },
    "Microsoft.Web.WebView2": {
      "Id": "Microsoft.Web.WebView2",
      "Version": "1.0.705.50",
      "Dependencies": []
    },
    "Microsoft.Windows.SDK.Contracts": {
      "Id": "Microsoft.Windows.SDK.Contracts",
      "Version": "10.0.17763.1000",
      "Dependencies": [
        {
          "Item1": "System.Runtime.WindowsRuntime",
          "Item2": "[4.6.0, )"
        },
        {
          "Item1": "System.Runtime.WindowsRuntime.UI.Xaml",
          "Item2": "[4.6.0, )"
        }
      ]
    },
    "MimeKit": {
      "Id": "MimeKit",
      "Version": "2.10.0",
      "Dependencies": [
        {
          "Item1": "System.Data.DataSetExtensions",
          "Item2": "[4.5.0, )"
        },
        {
          "Item1": "System.Buffers",
          "Item2": "[4.5.1, )"
        },
        {
          "Item1": "Portable.BouncyCastle",
          "Item2": "[1.8.8, )"
        }
      ]
    },
    "Newtonsoft.Json": {
      "Id": "Newtonsoft.Json",
      "Version": "11.0.2",
      "Dependencies": []
    },
    "Nito.AsyncEx": {
      "Id": "Nito.AsyncEx",
      "Version": "5.1.0",
      "Dependencies": [
        {
          "Item1": "Nito.AsyncEx.Context",
          "Item2": "[5.1.0, )"
        },
        {
          "Item1": "Nito.AsyncEx.Coordination",
          "Item2": "[5.1.0, )"
        },
        {
          "Item1": "Nito.AsyncEx.Interop.WaitHandles",
          "Item2": "[5.1.0, )"
        },
        {
          "Item1": "Nito.AsyncEx.Oop",
          "Item2": "[5.1.0, )"
        },
        {
          "Item1": "Nito.AsyncEx.Tasks",
          "Item2": "[5.1.0, )"
        },
        {
          "Item1": "Nito.Cancellation",
          "Item2": "[1.1.0, )"
        }
      ]
    },
    "Nito.AsyncEx.Context": {
      "Id": "Nito.AsyncEx.Context",
      "Version": "5.1.0",
      "Dependencies": [
        {
          "Item1": "Nito.AsyncEx.Tasks",
          "Item2": "[5.1.0, )"
        }
      ]
    },
    "Nito.AsyncEx.Coordination": {
      "Id": "Nito.AsyncEx.Coordination",
      "Version": "5.1.0",
      "Dependencies": [
        {
          "Item1": "Nito.AsyncEx.Tasks",
          "Item2": "[5.1.0, )"
        },
        {
          "Item1": "Nito.Collections.Deque",
          "Item2": "[1.1.0, )"
        }
      ]
    },
    "Nito.AsyncEx.Interop.WaitHandles": {
      "Id": "Nito.AsyncEx.Interop.WaitHandles",
      "Version": "5.1.0",
      "Dependencies": [
        {
          "Item1": "Nito.AsyncEx.Tasks",
          "Item2": "[5.1.0, )"
        }
      ]
    },
    "Nito.AsyncEx.Oop": {
      "Id": "Nito.AsyncEx.Oop",
      "Version": "5.1.0",
      "Dependencies": [
        {
          "Item1": "Nito.AsyncEx.Coordination",
          "Item2": "[5.1.0, )"
        }
      ]
    },
    "Nito.AsyncEx.Tasks": {
      "Id": "Nito.AsyncEx.Tasks",
      "Version": "5.1.0",
      "Dependencies": [
        {
          "Item1": "Nito.Disposables",
          "Item2": "[2.2.0, )"
        }
      ]
    },
    "Nito.Cancellation": {
      "Id": "Nito.Cancellation",
      "Version": "1.1.0",
      "Dependencies": [
        {
          "Item1": "Nito.Disposables",
          "Item2": "[2.2.0, )"
        }
      ]
    },
    "Nito.Collections.Deque": {
      "Id": "Nito.Collections.Deque",
      "Version": "1.1.0",
      "Dependencies": []
    },
    "Nito.Disposables": {
      "Id": "Nito.Disposables",
      "Version": "2.2.0",
      "Dependencies": [
        {
          "Item1": "System.Collections.Immutable",
          "Item2": "[1.4.0, )"
        }
      ]
    },
    "NPOI": {
      "Id": "NPOI",
      "Version": "2.4.1",
      "Dependencies": [
        {
          "Item1": "SharpZipLib",
          "Item2": "[1.0.0, )"
        }
      ]
    },
    "Portable.BouncyCastle": {
      "Id": "Portable.BouncyCastle",
      "Version": "1.8.8",
      "Dependencies": []
    },
    "SharpZipLib": {
      "Id": "SharpZipLib",
      "Version": "1.2.0",
      "Dependencies": []
    },
    "System.Buffers": {
      "Id": "System.Buffers",
      "Version": "4.5.1",
      "Dependencies": []
    },
    "System.Collections.Immutable": {
      "Id": "System.Collections.Immutable",
      "Version": "5.0.0",
      "Dependencies": [
        {
          "Item1": "System.Memory",
          "Item2": "[4.5.4, )"
        }
      ]
    },
    "System.ComponentModel.Annotations": {
      "Id": "System.ComponentModel.Annotations",
      "Version": "4.7.0",
      "Dependencies": []
    },
    "System.Data.DataSetExtensions": {
      "Id": "System.Data.DataSetExtensions",
      "Version": "4.5.0",
      "Dependencies": []
    },
    "System.IO.Abstractions": {
      "Id": "System.IO.Abstractions",
      "Version": "3.0.10",
      "Dependencies": []
    },
    "System.IO.Pipelines": {
      "Id": "System.IO.Pipelines",
      "Version": "4.7.1",
      "Dependencies": [
        {
          "Item1": "System.Buffers",
          "Item2": "[4.5.0, )"
        },
        {
          "Item1": "System.Memory",
          "Item2": "[4.5.3, )"
        },
        {
          "Item1": "System.Threading.Tasks.Extensions",
          "Item2": "[4.5.2, )"
        }
      ]
    },
    "System.Management.Automation": {
      "Id": "System.Management.Automation",
      "Version": "6.1.7601.17515",
      "Dependencies": []
    },
    "System.Memory": {
      "Id": "System.Memory",
      "Version": "4.5.4",
      "Dependencies": [
        {
          "Item1": "System.Buffers",
          "Item2": "[4.5.1, )"
        },
        {
          "Item1": "System.Numerics.Vectors",
          "Item2": "[4.5.0, )"
        },
        {
          "Item1": "System.Runtime.CompilerServices.Unsafe",
          "Item2": "[4.5.3, )"
        }
      ]
    },
    "System.Numerics.Vectors": {
      "Id": "System.Numerics.Vectors",
      "Version": "4.5.0",
      "Dependencies": []
    },
    "System.Reflection.Metadata": {
      "Id": "System.Reflection.Metadata",
      "Version": "5.0.0",
      "Dependencies": [
        {
          "Item1": "System.Collections.Immutable",
          "Item2": "[5.0.0, )"
        }
      ]
    },
    "System.Runtime.Caching": {
      "Id": "System.Runtime.Caching",
      "Version": "5.0.0",
      "Dependencies": []
    },
    "System.Runtime.CompilerServices.Unsafe": {
      "Id": "System.Runtime.CompilerServices.Unsafe",
      "Version": "4.7.1",
      "Dependencies": []
    },
    "System.Runtime.WindowsRuntime": {
      "Id": "System.Runtime.WindowsRuntime",
      "Version": "4.6.0",
      "Dependencies": []
    },
    "System.Runtime.WindowsRuntime.UI.Xaml": {
      "Id": "System.Runtime.WindowsRuntime.UI.Xaml",
      "Version": "4.6.0",
      "Dependencies": [
        {
          "Item1": "System.Runtime.WindowsRuntime",
          "Item2": "[4.6.0, )"
        }
      ]
    },
    "System.Text.Encoding.CodePages": {
      "Id": "System.Text.Encoding.CodePages",
      "Version": "4.5.1",
      "Dependencies": [
        {
          "Item1": "System.Runtime.CompilerServices.Unsafe",
          "Item2": "[4.5.2, )"
        }
      ]
    },
    "System.Text.Encodings.Web": {
      "Id": "System.Text.Encodings.Web",
      "Version": "4.7.1",
      "Dependencies": [
        {
          "Item1": "System.Memory",
          "Item2": "[4.5.4, )"
        }
      ]
    },
    "System.Text.Json": {
      "Id": "System.Text.Json",
      "Version": "4.7.2",
      "Dependencies": [
        {
          "Item1": "Microsoft.Bcl.AsyncInterfaces",
          "Item2": "[1.1.0, )"
        },
        {
          "Item1": "System.Buffers",
          "Item2": "[4.5.1, )"
        },
        {
          "Item1": "System.Memory",
          "Item2": "[4.5.4, )"
        },
        {
          "Item1": "System.Numerics.Vectors",
          "Item2": "[4.5.0, )"
        },
        {
          "Item1": "System.Runtime.CompilerServices.Unsafe",
          "Item2": "[4.7.1, )"
        },
        {
          "Item1": "System.Text.Encodings.Web",
          "Item2": "[4.7.1, )"
        },
        {
          "Item1": "System.Threading.Tasks.Extensions",
          "Item2": "[4.5.4, )"
        },
        {
          "Item1": "System.ValueTuple",
          "Item2": "[4.5.0, )"
        }
      ]
    },
    "System.Threading.Channels": {
      "Id": "System.Threading.Channels",
      "Version": "4.7.1",
      "Dependencies": [
        {
          "Item1": "System.Threading.Tasks.Extensions",
          "Item2": "[4.5.4, )"
        }
      ]
    },
    "System.Threading.Tasks.Dataflow": {
      "Id": "System.Threading.Tasks.Dataflow",
      "Version": "5.0.0",
      "Dependencies": []
    },
    "System.Threading.Tasks.Extensions": {
      "Id": "System.Threading.Tasks.Extensions",
      "Version": "4.5.4",
      "Dependencies": [
        {
          "Item1": "System.Runtime.CompilerServices.Unsafe",
          "Item2": "[4.5.3, )"
        }
      ]
    },
    "System.ValueTuple": {
      "Id": "System.ValueTuple",
      "Version": "4.5.0",
      "Dependencies": []
    },
    "UiPath": {
      "Id": "UiPath",
      "Version": "21.10.49.13436",
      "Dependencies": []
    },
    "UiPath.Activities.RuntimeGovernance": {
      "Id": "UiPath.Activities.RuntimeGovernance",
      "Version": "1.1.3",
      "Dependencies": [
        {
          "Item1": "Newtonsoft.Json",
          "Item2": "[11.0.2, )"
        }
      ]
    },
    "UiPath.ConnectionClient": {
      "Id": "UiPath.ConnectionClient",
      "Version": "1.0.0-20210921.1",
      "Dependencies": [
        {
          "Item1": "Newtonsoft.Json",
          "Item2": "[11.0.2, )"
        },
        {
          "Item1": "Nito.AsyncEx",
          "Item2": "[5.1.0, )"
        },
        {
          "Item1": "System.Runtime.Caching",
          "Item2": "[5.0.0, )"
        },
        {
          "Item1": "UiPath.Telemetry.Client",
          "Item2": "[1.5.3, )"
        }
      ]
    },
    "UiPath.Excel.Activities": {
      "Id": "UiPath.Excel.Activities",
      "Version": "2.11.4",
      "Dependencies": [
        {
          "Item1": "ClosedXML",
          "Item2": "[0.87.1, )"
        },
        {
          "Item1": "CsvHelper",
          "Item2": "[15.0.5, )"
        },
        {
          "Item1": "DocumentFormat.OpenXml",
          "Item2": "[2.5.0, )"
        },
        {
          "Item1": "Microsoft.VisualStudio.OLE.Interop",
          "Item2": "[16.7.30328.74, )"
        },
        {
          "Item1": "NPOI",
          "Item2": "[2.4.1, )"
        }
      ]
    },
    "UiPath.ImageProcessing": {
      "Id": "UiPath.ImageProcessing",
      "Version": "21.10.3",
      "Dependencies": []
    },
    "UiPath.Mail.Activities": {
      "Id": "UiPath.Mail.Activities",
      "Version": "1.12.3",
      "Dependencies": [
        {
          "Item1": "Google.Apis.Calendar.v3",
          "Item2": "[1.43.0.1872, )"
        },
        {
          "Item1": "Google.Apis.Gmail.v1",
          "Item2": "[1.43.0.1859, )"
        },
        {
          "Item1": "Google.Apis.PeopleService.v1",
          "Item2": "[1.43.0.1876, )"
        },
        {
          "Item1": "MailKit",
          "Item2": "[2.10.0, )"
        },
        {
          "Item1": "Microsoft.Exchange.WebServices",
          "Item2": "[2.2.0, )"
        },
        {
          "Item1": "Microsoft.Extensions.FileSystemGlobbing",
          "Item2": "[5.0.0, )"
        },
        {
          "Item1": "Microsoft.Identity.Client",
          "Item2": "[4.32.0, )"
        },
        {
          "Item1": "Microsoft.Identity.Client.Desktop",
          "Item2": "[4.32.0, )"
        },
        {
          "Item1": "Newtonsoft.Json",
          "Item2": "[11.0.2, )"
        },
        {
          "Item1": "System.ValueTuple",
          "Item2": "[4.5.0, )"
        },
        {
          "Item1": "UiPath.Activities.RuntimeGovernance",
          "Item2": "[1.1.3, )"
        },
        {
          "Item1": "UiPath.ConnectionClient",
          "Item2": "[1.0.0-20210921.1, )"
        },
        {
          "Item1": "UiPath.Platform",
          "Item2": "[21.10.0, )"
        }
      ]
    },
    "UiPath.OCR.Activities": {
      "Id": "UiPath.OCR.Activities",
      "Version": "3.3.2",
      "Dependencies": [
        {
          "Item1": "UiPath.OCR.Contracts",
          "Item2": "[2.9.1, )"
        }
      ]
    },
    "UiPath.OCR.Contracts": {
      "Id": "UiPath.OCR.Contracts",
      "Version": "2.9.1",
      "Dependencies": []
    },
    "UiPath.Platform": {
      "Id": "UiPath.Platform",
      "Version": "21.10.0",
      "Dependencies": [
        {
          "Item1": "Newtonsoft.Json",
          "Item2": "[11.0.2, )"
        },
        {
          "Item1": "System.IO.Abstractions",
          "Item2": "[3.0.10, )"
        },
        {
          "Item1": "System.ValueTuple",
          "Item2": "[4.5.0, )"
        }
      ]
    },
    "UiPath.System.Activities": {
      "Id": "UiPath.System.Activities",
      "Version": "21.10.6",
      "Dependencies": [
        {
          "Item1": "CsvHelper",
          "Item2": "[16.0.0, )"
        },
        {
          "Item1": "Microsoft.AspNet.SignalR.Client",
          "Item2": "[2.4.0, )"
        },
        {
          "Item1": "Microsoft.AspNetCore.SignalR.Client",
          "Item2": "[3.1.6, )"
        },
        {
          "Item1": "Microsoft.CSharp",
          "Item2": "[4.7.0, )"
        },
        {
          "Item1": "Microsoft.CodeAnalysis.CSharp",
          "Item2": "[3.8.0, )"
        },
        {
          "Item1": "Microsoft.CodeAnalysis.Common",
          "Item2": "[3.8.0, )"
        },
        {
          "Item1": "Microsoft.CodeAnalysis.VisualBasic",
          "Item2": "[3.8.0, )"
        },
        {
          "Item1": "Microsoft.Rest.ClientRuntime",
          "Item2": "[2.3.21, )"
        },
        {
          "Item1": "Microsoft.VisualBasic",
          "Item2": "[10.3.0, )"
        },
        {
          "Item1": "Newtonsoft.Json",
          "Item2": "[11.0.2, )"
        },
        {
          "Item1": "SharpZipLib",
          "Item2": "[1.2.0, )"
        },
        {
          "Item1": "System.Management.Automation",
          "Item2": "[6.1.7601.17515, )"
        },
        {
          "Item1": "UiPath.Platform",
          "Item2": "[21.10.0, )"
        },
        {
          "Item1": "UiPath.Telemetry.Client",
          "Item2": "[1.5.3, )"
        }
      ]
    },
    "UiPath.Telemetry.Client": {
      "Id": "UiPath.Telemetry.Client",
      "Version": "1.5.3",
      "Dependencies": [
        {
          "Item1": "Newtonsoft.Json",
          "Item2": "[11.0.2, )"
        },
        {
          "Item1": "System.Threading.Tasks.Dataflow",
          "Item2": "[5.0.0, )"
        },
        {
          "Item1": "System.ValueTuple",
          "Item2": "[4.5.0, )"
        }
      ]
    },
    "UiPath.UIAutomation.Activities": {
      "Id": "UiPath.UIAutomation.Activities",
      "Version": "21.10.8",
      "Dependencies": [
        {
          "Item1": "UiPath",
          "Item2": "[21.10.49.13436, 21.10.49.13436]"
        },
        {
          "Item1": "UiPath.Vision",
          "Item2": "[3.1.4, )"
        },
        {
          "Item1": "UiPath.OCR.Contracts",
          "Item2": "[2.9.1, )"
        },
        {
          "Item1": "UiPath.OCR.Activities",
          "Item2": "[3.3.2, )"
        },
        {
          "Item1": "UiPath.Platform",
          "Item2": "[21.10.0, )"
        },
        {
          "Item1": "Newtonsoft.Json",
          "Item2": "[11.0.2, )"
        },
        {
          "Item1": "System.IO.Abstractions",
          "Item2": "[3.0.10, )"
        },
        {
          "Item1": "UiPath.ImageProcessing",
          "Item2": "[21.10.3, )"
        },
        {
          "Item1": "UiPath.Telemetry.Client",
          "Item2": "[1.5.3, )"
        },
        {
          "Item1": "UiPath.Activities.RuntimeGovernance",
          "Item2": "[1.1.3, )"
        }
      ]
    },
    "UiPath.Vision": {
      "Id": "UiPath.Vision",
      "Version": "3.1.4",
      "Dependencies": [
        {
          "Item1": "UiPath.OCR.Contracts",
          "Item2": "[2.9.1, )"
        }
      ]
    }
  },
  "AllPackages": [
    {
      "Package": {
        "Id": "ClosedXML",
        "Version": "0.87.1"
      },
      "Assemblies": [
        "C:\\Users\\AFRIN\\.nuget\\packages\\closedxml\\0.87.1\\lib\\net40\\ClosedXML.dll"
      ],
      "Path": "C:\\Users\\AFRIN\\.nuget\\packages\\closedxml\\0.87.1"
    },
    {
      "Package": {
        "Id": "CsvHelper",
        "Version": "16.0.0"
      },
      "Assemblies": [
        "C:\\Users\\AFRIN\\.nuget\\packages\\csvhelper\\16.0.0\\lib\\net45\\CsvHelper.dll"
      ],
      "Path": "C:\\Users\\AFRIN\\.nuget\\packages\\csvhelper\\16.0.0"
    },
    {
      "Package": {
        "Id": "DocumentFormat.OpenXml",
        "Version": "2.5.0"
      },
      "Assemblies": [
        "C:\\Users\\AFRIN\\.nuget\\packages\\documentformat.openxml\\2.5.0\\lib\\DocumentFormat.OpenXml.dll"
      ],
      "Path": "C:\\Users\\AFRIN\\.nuget\\packages\\documentformat.openxml\\2.5.0"
    },
    {
      "Package": {
        "Id": "Google.Apis",
        "Version": "1.43.0"
      },
      "Assemblies": [
        "C:\\Users\\AFRIN\\.nuget\\packages\\google.apis\\1.43.0\\lib\\net45\\Google.Apis.PlatformServices.dll",
        "C:\\Users\\AFRIN\\.nuget\\packages\\google.apis\\1.43.0\\lib\\net45\\Google.Apis.dll"
      ],
      "Path": "C:\\Users\\AFRIN\\.nuget\\packages\\google.apis\\1.43.0"
    },
    {
      "Package": {
        "Id": "Google.Apis.Auth",
        "Version": "1.43.0"
      },
      "Assemblies": [
        "C:\\Users\\AFRIN\\.nuget\\packages\\google.apis.auth\\1.43.0\\lib\\net45\\Google.Apis.Auth.PlatformServices.dll",
        "C:\\Users\\AFRIN\\.nuget\\packages\\google.apis.auth\\1.43.0\\lib\\net45\\Google.Apis.Auth.dll"
      ],
      "Path": "C:\\Users\\AFRIN\\.nuget\\packages\\google.apis.auth\\1.43.0"
    },
    {
      "Package": {
        "Id": "Google.Apis.Calendar.v3",
        "Version": "1.43.0.1872"
      },
      "Assemblies": [
        "C:\\Users\\AFRIN\\.nuget\\packages\\google.apis.calendar.v3\\1.43.0.1872\\lib\\net45\\Google.Apis.Calendar.v3.dll"
      ],
      "Path": "C:\\Users\\AFRIN\\.nuget\\packages\\google.apis.calendar.v3\\1.43.0.1872"
    },
    {
      "Package": {
        "Id": "Google.Apis.Core",
        "Version": "1.43.0"
      },
      "Assemblies": [
        "C:\\Users\\AFRIN\\.nuget\\packages\\google.apis.core\\1.43.0\\lib\\net45\\Google.Apis.Core.dll"
      ],
      "Path": "C:\\Users\\AFRIN\\.nuget\\packages\\google.apis.core\\1.43.0"
    },
    {
      "Package": {
        "Id": "Google.Apis.Gmail.v1",
        "Version": "1.43.0.1859"
      },
      "Assemblies": [
        "C:\\Users\\AFRIN\\.nuget\\packages\\google.apis.gmail.v1\\1.43.0.1859\\lib\\net45\\Google.Apis.Gmail.v1.dll"
      ],
      "Path": "C:\\Users\\AFRIN\\.nuget\\packages\\google.apis.gmail.v1\\1.43.0.1859"
    },
    {
      "Package": {
        "Id": "Google.Apis.PeopleService.v1",
        "Version": "1.43.0.1876"
      },
      "Assemblies": [
        "C:\\Users\\AFRIN\\.nuget\\packages\\google.apis.peopleservice.v1\\1.43.0.1876\\lib\\net45\\Google.Apis.PeopleService.v1.dll"
      ],
      "Path": "C:\\Users\\AFRIN\\.nuget\\packages\\google.apis.peopleservice.v1\\1.43.0.1876"
    },
    {
      "Package": {
        "Id": "MailKit",
        "Version": "2.10.0"
      },
      "Assemblies": [
        "C:\\Users\\AFRIN\\.nuget\\packages\\mailkit\\2.10.0\\lib\\net46\\MailKit.dll"
      ],
      "Path": "C:\\Users\\AFRIN\\.nuget\\packages\\mailkit\\2.10.0"
    },
    {
      "Package": {
        "Id": "Microsoft.AspNet.SignalR.Client",
        "Version": "2.4.0"
      },
      "Assemblies": [
        "C:\\Users\\AFRIN\\.nuget\\packages\\microsoft.aspnet.signalr.client\\2.4.0\\lib\\net45\\Microsoft.AspNet.SignalR.Client.dll"
      ],
      "Path": "C:\\Users\\AFRIN\\.nuget\\packages\\microsoft.aspnet.signalr.client\\2.4.0"
    },
    {
      "Package": {
        "Id": "Microsoft.AspNetCore.Connections.Abstractions",
        "Version": "3.1.6"
      },
      "Assemblies": [
        "C:\\Users\\AFRIN\\.nuget\\packages\\microsoft.aspnetcore.connections.abstractions\\3.1.6\\lib\\netstandard2.0\\Microsoft.AspNetCore.Connections.Abstractions.dll"
      ],
      "Path": "C:\\Users\\AFRIN\\.nuget\\packages\\microsoft.aspnetcore.connections.abstractions\\3.1.6"
    },
    {
      "Package": {
        "Id": "Microsoft.AspNetCore.Http.Connections.Client",
        "Version": "3.1.6"
      },
      "Assemblies": [
        "C:\\Users\\AFRIN\\.nuget\\packages\\microsoft.aspnetcore.http.connections.client\\3.1.6\\lib\\netstandard2.0\\Microsoft.AspNetCore.Http.Connections.Client.dll"
      ],
      "Path": "C:\\Users\\AFRIN\\.nuget\\packages\\microsoft.aspnetcore.http.connections.client\\3.1.6"
    },
    {
      "Package": {
        "Id": "Microsoft.AspNetCore.Http.Connections.Common",
        "Version": "3.1.6"
      },
      "Assemblies": [
        "C:\\Users\\AFRIN\\.nuget\\packages\\microsoft.aspnetcore.http.connections.common\\3.1.6\\lib\\netstandard2.0\\Microsoft.AspNetCore.Http.Connections.Common.dll"
      ],
      "Path": "C:\\Users\\AFRIN\\.nuget\\packages\\microsoft.aspnetcore.http.connections.common\\3.1.6"
    },
    {
      "Package": {
        "Id": "Microsoft.AspNetCore.Http.Features",
        "Version": "3.1.6"
      },
      "Assemblies": [
        "C:\\Users\\AFRIN\\.nuget\\packages\\microsoft.aspnetcore.http.features\\3.1.6\\lib\\netstandard2.0\\Microsoft.AspNetCore.Http.Features.dll"
      ],
      "Path": "C:\\Users\\AFRIN\\.nuget\\packages\\microsoft.aspnetcore.http.features\\3.1.6"
    },
    {
      "Package": {
        "Id": "Microsoft.AspNetCore.SignalR.Client",
        "Version": "3.1.6"
      },
      "Assemblies": [
        "C:\\Users\\AFRIN\\.nuget\\packages\\microsoft.aspnetcore.signalr.client\\3.1.6\\lib\\netstandard2.0\\Microsoft.AspNetCore.SignalR.Client.dll"
      ],
      "Path": "C:\\Users\\AFRIN\\.nuget\\packages\\microsoft.aspnetcore.signalr.client\\3.1.6"
    },
    {
      "Package": {
        "Id": "Microsoft.AspNetCore.SignalR.Client.Core",
        "Version": "3.1.6"
      },
      "Assemblies": [
        "C:\\Users\\AFRIN\\.nuget\\packages\\microsoft.aspnetcore.signalr.client.core\\3.1.6\\lib\\netstandard2.0\\Microsoft.AspNetCore.SignalR.Client.Core.dll"
      ],
      "Path": "C:\\Users\\AFRIN\\.nuget\\packages\\microsoft.aspnetcore.signalr.client.core\\3.1.6"
    },
    {
      "Package": {
        "Id": "Microsoft.AspNetCore.SignalR.Common",
        "Version": "3.1.6"
      },
      "Assemblies": [
        "C:\\Users\\AFRIN\\.nuget\\packages\\microsoft.aspnetcore.signalr.common\\3.1.6\\lib\\netstandard2.0\\Microsoft.AspNetCore.SignalR.Common.dll"
      ],
      "Path": "C:\\Users\\AFRIN\\.nuget\\packages\\microsoft.aspnetcore.signalr.common\\3.1.6"
    },
    {
      "Package": {
        "Id": "Microsoft.AspNetCore.SignalR.Protocols.Json",
        "Version": "3.1.6"
      },
      "Assemblies": [
        "C:\\Users\\AFRIN\\.nuget\\packages\\microsoft.aspnetcore.signalr.protocols.json\\3.1.6\\lib\\netstandard2.0\\Microsoft.AspNetCore.SignalR.Protocols.Json.dll"
      ],
      "Path": "C:\\Users\\AFRIN\\.nuget\\packages\\microsoft.aspnetcore.signalr.protocols.json\\3.1.6"
    },
    {
      "Package": {
        "Id": "Microsoft.Bcl.AsyncInterfaces",
        "Version": "1.1.1"
      },
      "Assemblies": [
        "C:\\Users\\AFRIN\\.nuget\\packages\\microsoft.bcl.asyncinterfaces\\1.1.1\\lib\\net461\\Microsoft.Bcl.AsyncInterfaces.dll"
      ],
      "Path": "C:\\Users\\AFRIN\\.nuget\\packages\\microsoft.bcl.asyncinterfaces\\1.1.1"
    },
    {
      "Package": {
        "Id": "Microsoft.CodeAnalysis.Analyzers",
        "Version": "3.0.0"
      },
      "Assemblies": [],
      "Path": "C:\\Users\\AFRIN\\.nuget\\packages\\microsoft.codeanalysis.analyzers\\3.0.0"
    },
    {
      "Package": {
        "Id": "Microsoft.CodeAnalysis.Common",
        "Version": "3.8.0"
      },
      "Assemblies": [
        "C:\\Users\\AFRIN\\.nuget\\packages\\microsoft.codeanalysis.common\\3.8.0\\lib\\netstandard2.0\\Microsoft.CodeAnalysis.dll"
      ],
      "Path": "C:\\Users\\AFRIN\\.nuget\\packages\\microsoft.codeanalysis.common\\3.8.0"
    },
    {
      "Package": {
        "Id": "Microsoft.CodeAnalysis.CSharp",
        "Version": "3.8.0"
      },
      "Assemblies": [
        "C:\\Users\\AFRIN\\.nuget\\packages\\microsoft.codeanalysis.csharp\\3.8.0\\lib\\netstandard2.0\\Microsoft.CodeAnalysis.CSharp.dll"
      ],
      "Path": "C:\\Users\\AFRIN\\.nuget\\packages\\microsoft.codeanalysis.csharp\\3.8.0"
    },
    {
      "Package": {
        "Id": "Microsoft.CodeAnalysis.VisualBasic",
        "Version": "3.8.0"
      },
      "Assemblies": [
        "C:\\Users\\AFRIN\\.nuget\\packages\\microsoft.codeanalysis.visualbasic\\3.8.0\\lib\\netstandard2.0\\Microsoft.CodeAnalysis.VisualBasic.dll"
      ],
      "Path": "C:\\Users\\AFRIN\\.nuget\\packages\\microsoft.codeanalysis.visualbasic\\3.8.0"
    },
    {
      "Package": {
        "Id": "Microsoft.CSharp",
        "Version": "4.7.0"
      },
      "Assemblies": [
        "C:\\Users\\AFRIN\\.nuget\\packages\\microsoft.csharp\\4.7.0\\lib\\net45\\_._"
      ],
      "Path": "C:\\Users\\AFRIN\\.nuget\\packages\\microsoft.csharp\\4.7.0"
    },
    {
      "Package": {
        "Id": "Microsoft.Exchange.WebServices",
        "Version": "2.2.0"
      },
      "Assemblies": [
        "C:\\Users\\AFRIN\\.nuget\\packages\\microsoft.exchange.webservices\\2.2.0\\lib\\40\\Microsoft.Exchange.WebServices.Auth.dll",
        "C:\\Users\\AFRIN\\.nuget\\packages\\microsoft.exchange.webservices\\2.2.0\\lib\\40\\Microsoft.Exchange.WebServices.dll"
      ],
      "Path": "C:\\Users\\AFRIN\\.nuget\\packages\\microsoft.exchange.webservices\\2.2.0"
    },
    {
      "Package": {
        "Id": "Microsoft.Extensions.Configuration",
        "Version": "3.1.6"
      },
      "Assemblies": [
        "C:\\Users\\AFRIN\\.nuget\\packages\\microsoft.extensions.configuration\\3.1.6\\lib\\netstandard2.0\\Microsoft.Extensions.Configuration.dll"
      ],
      "Path": "C:\\Users\\AFRIN\\.nuget\\packages\\microsoft.extensions.configuration\\3.1.6"
    },
    {
      "Package": {
        "Id": "Microsoft.Extensions.Configuration.Abstractions",
        "Version": "3.1.6"
      },
      "Assemblies": [
        "C:\\Users\\AFRIN\\.nuget\\packages\\microsoft.extensions.configuration.abstractions\\3.1.6\\lib\\netstandard2.0\\Microsoft.Extensions.Configuration.Abstractions.dll"
      ],
      "Path": "C:\\Users\\AFRIN\\.nuget\\packages\\microsoft.extensions.configuration.abstractions\\3.1.6"
    },
    {
      "Package": {
        "Id": "Microsoft.Extensions.Configuration.Binder",
        "Version": "3.1.6"
      },
      "Assemblies": [
        "C:\\Users\\AFRIN\\.nuget\\packages\\microsoft.extensions.configuration.binder\\3.1.6\\lib\\netstandard2.0\\Microsoft.Extensions.Configuration.Binder.dll"
      ],
      "Path": "C:\\Users\\AFRIN\\.nuget\\packages\\microsoft.extensions.configuration.binder\\3.1.6"
    },
    {
      "Package": {
        "Id": "Microsoft.Extensions.DependencyInjection",
        "Version": "3.1.6"
      },
      "Assemblies": [
        "C:\\Users\\AFRIN\\.nuget\\packages\\microsoft.extensions.dependencyinjection\\3.1.6\\lib\\net461\\Microsoft.Extensions.DependencyInjection.dll"
      ],
      "Path": "C:\\Users\\AFRIN\\.nuget\\packages\\microsoft.extensions.dependencyinjection\\3.1.6"
    },
    {
      "Package": {
        "Id": "Microsoft.Extensions.DependencyInjection.Abstractions",
        "Version": "3.1.6"
      },
      "Assemblies": [
        "C:\\Users\\AFRIN\\.nuget\\packages\\microsoft.extensions.dependencyinjection.abstractions\\3.1.6\\lib\\netstandard2.0\\Microsoft.Extensions.DependencyInjection.Abstractions.dll"
      ],
      "Path": "C:\\Users\\AFRIN\\.nuget\\packages\\microsoft.extensions.dependencyinjection.abstractions\\3.1.6"
    },
    {
      "Package": {
        "Id": "Microsoft.Extensions.FileSystemGlobbing",
        "Version": "5.0.0"
      },
      "Assemblies": [
        "C:\\Users\\AFRIN\\.nuget\\packages\\microsoft.extensions.filesystemglobbing\\5.0.0\\lib\\net461\\Microsoft.Extensions.FileSystemGlobbing.dll"
      ],
      "Path": "C:\\Users\\AFRIN\\.nuget\\packages\\microsoft.extensions.filesystemglobbing\\5.0.0"
    },
    {
      "Package": {
        "Id": "Microsoft.Extensions.Logging",
        "Version": "3.1.6"
      },
      "Assemblies": [
        "C:\\Users\\AFRIN\\.nuget\\packages\\microsoft.extensions.logging\\3.1.6\\lib\\netstandard2.0\\Microsoft.Extensions.Logging.dll"
      ],
      "Path": "C:\\Users\\AFRIN\\.nuget\\packages\\microsoft.extensions.logging\\3.1.6"
    },
    {
      "Package": {
        "Id": "Microsoft.Extensions.Logging.Abstractions",
        "Version": "3.1.6"
      },
      "Assemblies": [
        "C:\\Users\\AFRIN\\.nuget\\packages\\microsoft.extensions.logging.abstractions\\3.1.6\\lib\\netstandard2.0\\Microsoft.Extensions.Logging.Abstractions.dll"
      ],
      "Path": "C:\\Users\\AFRIN\\.nuget\\packages\\microsoft.extensions.logging.abstractions\\3.1.6"
    },
    {
      "Package": {
        "Id": "Microsoft.Extensions.Options",
        "Version": "3.1.6"
      },
      "Assemblies": [
        "C:\\Users\\AFRIN\\.nuget\\packages\\microsoft.extensions.options\\3.1.6\\lib\\netstandard2.0\\Microsoft.Extensions.Options.dll"
      ],
      "Path": "C:\\Users\\AFRIN\\.nuget\\packages\\microsoft.extensions.options\\3.1.6"
    },
    {
      "Package": {
        "Id": "Microsoft.Extensions.Primitives",
        "Version": "3.1.6"
      },
      "Assemblies": [
        "C:\\Users\\AFRIN\\.nuget\\packages\\microsoft.extensions.primitives\\3.1.6\\lib\\netstandard2.0\\Microsoft.Extensions.Primitives.dll"
      ],
      "Path": "C:\\Users\\AFRIN\\.nuget\\packages\\microsoft.extensions.primitives\\3.1.6"
    },
    {
      "Package": {
        "Id": "Microsoft.Identity.Client",
        "Version": "4.32.0"
      },
      "Assemblies": [
        "C:\\Users\\AFRIN\\.nuget\\packages\\microsoft.identity.client\\4.32.0\\lib\\net461\\Microsoft.Identity.Client.dll"
      ],
      "Path": "C:\\Users\\AFRIN\\.nuget\\packages\\microsoft.identity.client\\4.32.0"
    },
    {
      "Package": {
        "Id": "Microsoft.Identity.Client.Desktop",
        "Version": "4.32.0"
      },
      "Assemblies": [
        "C:\\Users\\AFRIN\\.nuget\\packages\\microsoft.identity.client.desktop\\4.32.0\\lib\\net461\\Microsoft.Identity.Client.Desktop.dll"
      ],
      "Path": "C:\\Users\\AFRIN\\.nuget\\packages\\microsoft.identity.client.desktop\\4.32.0"
    },
    {
      "Package": {
        "Id": "Microsoft.Rest.ClientRuntime",
        "Version": "2.3.21"
      },
      "Assemblies": [
        "C:\\Users\\AFRIN\\.nuget\\packages\\microsoft.rest.clientruntime\\2.3.21\\lib\\net461\\Microsoft.Rest.ClientRuntime.dll"
      ],
      "Path": "C:\\Users\\AFRIN\\.nuget\\packages\\microsoft.rest.clientruntime\\2.3.21"
    },
    {
      "Package": {
        "Id": "Microsoft.VisualBasic",
        "Version": "10.3.0"
      },
      "Assemblies": [
        "C:\\Users\\AFRIN\\.nuget\\packages\\microsoft.visualbasic\\10.3.0\\lib\\net45\\_._"
      ],
      "Path": "C:\\Users\\AFRIN\\.nuget\\packages\\microsoft.visualbasic\\10.3.0"
    },
    {
      "Package": {
        "Id": "Microsoft.VisualStudio.OLE.Interop",
        "Version": "16.7.30328.74"
      },
      "Assemblies": [
        "C:\\Users\\AFRIN\\.nuget\\packages\\microsoft.visualstudio.ole.interop\\16.7.30328.74\\lib\\net45\\Microsoft.VisualStudio.OLE.Interop.dll"
      ],
      "Path": "C:\\Users\\AFRIN\\.nuget\\packages\\microsoft.visualstudio.ole.interop\\16.7.30328.74"
    },
    {
      "Package": {
        "Id": "Microsoft.Web.WebView2",
        "Version": "1.0.705.50"
      },
      "Assemblies": [
        "C:\\Users\\AFRIN\\.nuget\\packages\\microsoft.web.webview2\\1.0.705.50\\lib\\net45\\Microsoft.Web.WebView2.Core.dll",
        "C:\\Users\\AFRIN\\.nuget\\packages\\microsoft.web.webview2\\1.0.705.50\\lib\\net45\\Microsoft.Web.WebView2.WinForms.dll",
        "C:\\Users\\AFRIN\\.nuget\\packages\\microsoft.web.webview2\\1.0.705.50\\lib\\net45\\Microsoft.Web.WebView2.Wpf.dll"
      ],
      "Path": "C:\\Users\\AFRIN\\.nuget\\packages\\microsoft.web.webview2\\1.0.705.50"
    },
    {
      "Package": {
        "Id": "Microsoft.Windows.SDK.Contracts",
        "Version": "10.0.17763.1000"
      },
      "Assemblies": [],
      "Path": "C:\\Users\\AFRIN\\.nuget\\packages\\microsoft.windows.sdk.contracts\\10.0.17763.1000"
    },
    {
      "Package": {
        "Id": "MimeKit",
        "Version": "2.10.0"
      },
      "Assemblies": [
        "C:\\Users\\AFRIN\\.nuget\\packages\\mimekit\\2.10.0\\lib\\net46\\MimeKit.dll"
      ],
      "Path": "C:\\Users\\AFRIN\\.nuget\\packages\\mimekit\\2.10.0"
    },
    {
      "Package": {
        "Id": "Newtonsoft.Json",
        "Version": "11.0.2"
      },
      "Assemblies": [
        "C:\\Users\\AFRIN\\.nuget\\packages\\newtonsoft.json\\11.0.2\\lib\\net45\\Newtonsoft.Json.dll"
      ],
      "Path": "C:\\Users\\AFRIN\\.nuget\\packages\\newtonsoft.json\\11.0.2"
    },
    {
      "Package": {
        "Id": "Nito.AsyncEx",
        "Version": "5.1.0"
      },
      "Assemblies": [],
      "Path": "C:\\Users\\AFRIN\\.nuget\\packages\\nito.asyncex\\5.1.0"
    },
    {
      "Package": {
        "Id": "Nito.AsyncEx.Context",
        "Version": "5.1.0"
      },
      "Assemblies": [
        "C:\\Users\\AFRIN\\.nuget\\packages\\nito.asyncex.context\\5.1.0\\lib\\netstandard2.0\\Nito.AsyncEx.Context.dll"
      ],
      "Path": "C:\\Users\\AFRIN\\.nuget\\packages\\nito.asyncex.context\\5.1.0"
    },
    {
      "Package": {
        "Id": "Nito.AsyncEx.Coordination",
        "Version": "5.1.0"
      },
      "Assemblies": [
        "C:\\Users\\AFRIN\\.nuget\\packages\\nito.asyncex.coordination\\5.1.0\\lib\\netstandard2.0\\Nito.AsyncEx.Coordination.dll"
      ],
      "Path": "C:\\Users\\AFRIN\\.nuget\\packages\\nito.asyncex.coordination\\5.1.0"
    },
    {
      "Package": {
        "Id": "Nito.AsyncEx.Interop.WaitHandles",
        "Version": "5.1.0"
      },
      "Assemblies": [
        "C:\\Users\\AFRIN\\.nuget\\packages\\nito.asyncex.interop.waithandles\\5.1.0\\lib\\netstandard2.0\\Nito.AsyncEx.Interop.WaitHandles.dll"
      ],
      "Path": "C:\\Users\\AFRIN\\.nuget\\packages\\nito.asyncex.interop.waithandles\\5.1.0"
    },
    {
      "Package": {
        "Id": "Nito.AsyncEx.Oop",
        "Version": "5.1.0"
      },
      "Assemblies": [
        "C:\\Users\\AFRIN\\.nuget\\packages\\nito.asyncex.oop\\5.1.0\\lib\\netstandard2.0\\Nito.AsyncEx.Oop.dll"
      ],
      "Path": "C:\\Users\\AFRIN\\.nuget\\packages\\nito.asyncex.oop\\5.1.0"
    },
    {
      "Package": {
        "Id": "Nito.AsyncEx.Tasks",
        "Version": "5.1.0"
      },
      "Assemblies": [
        "C:\\Users\\AFRIN\\.nuget\\packages\\nito.asyncex.tasks\\5.1.0\\lib\\netstandard2.0\\Nito.AsyncEx.Tasks.dll"
      ],
      "Path": "C:\\Users\\AFRIN\\.nuget\\packages\\nito.asyncex.tasks\\5.1.0"
    },
    {
      "Package": {
        "Id": "Nito.Cancellation",
        "Version": "1.1.0"
      },
      "Assemblies": [
        "C:\\Users\\AFRIN\\.nuget\\packages\\nito.cancellation\\1.1.0\\lib\\netstandard2.0\\Nito.Cancellation.dll"
      ],
      "Path": "C:\\Users\\AFRIN\\.nuget\\packages\\nito.cancellation\\1.1.0"
    },
    {
      "Package": {
        "Id": "Nito.Collections.Deque",
        "Version": "1.1.0"
      },
      "Assemblies": [
        "C:\\Users\\AFRIN\\.nuget\\packages\\nito.collections.deque\\1.1.0\\lib\\netstandard2.0\\Nito.Collections.Deque.dll"
      ],
      "Path": "C:\\Users\\AFRIN\\.nuget\\packages\\nito.collections.deque\\1.1.0"
    },
    {
      "Package": {
        "Id": "Nito.Disposables",
        "Version": "2.2.0"
      },
      "Assemblies": [
        "C:\\Users\\AFRIN\\.nuget\\packages\\nito.disposables\\2.2.0\\lib\\net461\\Nito.Disposables.dll"
      ],
      "Path": "C:\\Users\\AFRIN\\.nuget\\packages\\nito.disposables\\2.2.0"
    },
    {
      "Package": {
        "Id": "NPOI",
        "Version": "2.4.1"
      },
      "Assemblies": [
        "C:\\Users\\AFRIN\\.nuget\\packages\\npoi\\2.4.1\\lib\\net45\\NPOI.OOXML.dll",
        "C:\\Users\\AFRIN\\.nuget\\packages\\npoi\\2.4.1\\lib\\net45\\NPOI.OpenXml4Net.dll",
        "C:\\Users\\AFRIN\\.nuget\\packages\\npoi\\2.4.1\\lib\\net45\\NPOI.OpenXmlFormats.dll",
        "C:\\Users\\AFRIN\\.nuget\\packages\\npoi\\2.4.1\\lib\\net45\\NPOI.dll"
      ],
      "Path": "C:\\Users\\AFRIN\\.nuget\\packages\\npoi\\2.4.1"
    },
    {
      "Package": {
        "Id": "Portable.BouncyCastle",
        "Version": "1.8.8"
      },
      "Assemblies": [
        "C:\\Users\\AFRIN\\.nuget\\packages\\portable.bouncycastle\\1.8.8\\lib\\net40\\BouncyCastle.Crypto.dll"
      ],
      "Path": "C:\\Users\\AFRIN\\.nuget\\packages\\portable.bouncycastle\\1.8.8"
    },
    {
      "Package": {
        "Id": "SharpZipLib",
        "Version": "1.2.0"
      },
      "Assemblies": [
        "C:\\Users\\AFRIN\\.nuget\\packages\\sharpziplib\\1.2.0\\lib\\net45\\ICSharpCode.SharpZipLib.dll"
      ],
      "Path": "C:\\Users\\AFRIN\\.nuget\\packages\\sharpziplib\\1.2.0"
    },
    {
      "Package": {
        "Id": "System.Buffers",
        "Version": "4.5.1"
      },
      "Assemblies": [
        "C:\\Users\\AFRIN\\.nuget\\packages\\system.buffers\\4.5.1\\lib\\net461\\System.Buffers.dll"
      ],
      "Path": "C:\\Users\\AFRIN\\.nuget\\packages\\system.buffers\\4.5.1"
    },
    {
      "Package": {
        "Id": "System.Collections.Immutable",
        "Version": "5.0.0"
      },
      "Assemblies": [
        "C:\\Users\\AFRIN\\.nuget\\packages\\system.collections.immutable\\5.0.0\\lib\\net461\\System.Collections.Immutable.dll"
      ],
      "Path": "C:\\Users\\AFRIN\\.nuget\\packages\\system.collections.immutable\\5.0.0"
    },
    {
      "Package": {
        "Id": "System.ComponentModel.Annotations",
        "Version": "4.7.0"
      },
      "Assemblies": [
        "C:\\Users\\AFRIN\\.nuget\\packages\\system.componentmodel.annotations\\4.7.0\\lib\\net461\\System.ComponentModel.Annotations.dll"
      ],
      "Path": "C:\\Users\\AFRIN\\.nuget\\packages\\system.componentmodel.annotations\\4.7.0"
    },
    {
      "Package": {
        "Id": "System.Data.DataSetExtensions",
        "Version": "4.5.0"
      },
      "Assemblies": [
        "C:\\Users\\AFRIN\\.nuget\\packages\\system.data.datasetextensions\\4.5.0\\lib\\net45\\_._"
      ],
      "Path": "C:\\Users\\AFRIN\\.nuget\\packages\\system.data.datasetextensions\\4.5.0"
    },
    {
      "Package": {
        "Id": "System.IO.Abstractions",
        "Version": "3.0.10"
      },
      "Assemblies": [
        "C:\\Users\\AFRIN\\.nuget\\packages\\system.io.abstractions\\3.0.10\\lib\\net40\\System.IO.Abstractions.dll"
      ],
      "Path": "C:\\Users\\AFRIN\\.nuget\\packages\\system.io.abstractions\\3.0.10"
    },
    {
      "Package": {
        "Id": "System.IO.Pipelines",
        "Version": "4.7.1"
      },
      "Assemblies": [
        "C:\\Users\\AFRIN\\.nuget\\packages\\system.io.pipelines\\4.7.1\\lib\\netstandard2.0\\System.IO.Pipelines.dll"
      ],
      "Path": "C:\\Users\\AFRIN\\.nuget\\packages\\system.io.pipelines\\4.7.1"
    },
    {
      "Package": {
        "Id": "System.Management.Automation",
        "Version": "6.1.7601.17515"
      },
      "Assemblies": [
        "C:\\Users\\AFRIN\\.nuget\\packages\\system.management.automation\\6.1.7601.17515\\lib\\net45\\System.Management.Automation.dll"
      ],
      "Path": "C:\\Users\\AFRIN\\.nuget\\packages\\system.management.automation\\6.1.7601.17515"
    },
    {
      "Package": {
        "Id": "System.Memory",
        "Version": "4.5.4"
      },
      "Assemblies": [
        "C:\\Users\\AFRIN\\.nuget\\packages\\system.memory\\4.5.4\\lib\\net461\\System.Memory.dll"
      ],
      "Path": "C:\\Users\\AFRIN\\.nuget\\packages\\system.memory\\4.5.4"
    },
    {
      "Package": {
        "Id": "System.Numerics.Vectors",
        "Version": "4.5.0"
      },
      "Assemblies": [
        "C:\\Users\\AFRIN\\.nuget\\packages\\system.numerics.vectors\\4.5.0\\lib\\net46\\System.Numerics.Vectors.dll"
      ],
      "Path": "C:\\Users\\AFRIN\\.nuget\\packages\\system.numerics.vectors\\4.5.0"
    },
    {
      "Package": {
        "Id": "System.Reflection.Metadata",
        "Version": "5.0.0"
      },
      "Assemblies": [
        "C:\\Users\\AFRIN\\.nuget\\packages\\system.reflection.metadata\\5.0.0\\lib\\net461\\System.Reflection.Metadata.dll"
      ],
      "Path": "C:\\Users\\AFRIN\\.nuget\\packages\\system.reflection.metadata\\5.0.0"
    },
    {
      "Package": {
        "Id": "System.Runtime.Caching",
        "Version": "5.0.0"
      },
      "Assemblies": [
        "C:\\Users\\AFRIN\\.nuget\\packages\\system.runtime.caching\\5.0.0\\lib\\net45\\_._"
      ],
      "Path": "C:\\Users\\AFRIN\\.nuget\\packages\\system.runtime.caching\\5.0.0"
    },
    {
      "Package": {
        "Id": "System.Runtime.CompilerServices.Unsafe",
        "Version": "4.7.1"
      },
      "Assemblies": [
        "C:\\Users\\AFRIN\\.nuget\\packages\\system.runtime.compilerservices.unsafe\\4.7.1\\lib\\net461\\System.Runtime.CompilerServices.Unsafe.dll"
      ],
      "Path": "C:\\Users\\AFRIN\\.nuget\\packages\\system.runtime.compilerservices.unsafe\\4.7.1"
    },
    {
      "Package": {
        "Id": "System.Runtime.WindowsRuntime",
        "Version": "4.6.0"
      },
      "Assemblies": [
        "C:\\Users\\AFRIN\\.nuget\\packages\\system.runtime.windowsruntime\\4.6.0\\lib\\net45\\_._"
      ],
      "Path": "C:\\Users\\AFRIN\\.nuget\\packages\\system.runtime.windowsruntime\\4.6.0"
    },
    {
      "Package": {
        "Id": "System.Runtime.WindowsRuntime.UI.Xaml",
        "Version": "4.6.0"
      },
      "Assemblies": [
        "C:\\Users\\AFRIN\\.nuget\\packages\\system.runtime.windowsruntime.ui.xaml\\4.6.0\\lib\\net45\\_._"
      ],
      "Path": "C:\\Users\\AFRIN\\.nuget\\packages\\system.runtime.windowsruntime.ui.xaml\\4.6.0"
    },
    {
      "Package": {
        "Id": "System.Text.Encoding.CodePages",
        "Version": "4.5.1"
      },
      "Assemblies": [
        "C:\\Users\\AFRIN\\.nuget\\packages\\system.text.encoding.codepages\\4.5.1\\lib\\net461\\System.Text.Encoding.CodePages.dll"
      ],
      "Path": "C:\\Users\\AFRIN\\.nuget\\packages\\system.text.encoding.codepages\\4.5.1"
    },
    {
      "Package": {
        "Id": "System.Text.Encodings.Web",
        "Version": "4.7.1"
      },
      "Assemblies": [
        "C:\\Users\\AFRIN\\.nuget\\packages\\system.text.encodings.web\\4.7.1\\lib\\net461\\System.Text.Encodings.Web.dll"
      ],
      "Path": "C:\\Users\\AFRIN\\.nuget\\packages\\system.text.encodings.web\\4.7.1"
    },
    {
      "Package": {
        "Id": "System.Text.Json",
        "Version": "4.7.2"
      },
      "Assemblies": [
        "C:\\Users\\AFRIN\\.nuget\\packages\\system.text.json\\4.7.2\\lib\\net461\\System.Text.Json.dll"
      ],
      "Path": "C:\\Users\\AFRIN\\.nuget\\packages\\system.text.json\\4.7.2"
    },
    {
      "Package": {
        "Id": "System.Threading.Channels",
        "Version": "4.7.1"
      },
      "Assemblies": [
        "C:\\Users\\AFRIN\\.nuget\\packages\\system.threading.channels\\4.7.1\\lib\\net461\\System.Threading.Channels.dll"
      ],
      "Path": "C:\\Users\\AFRIN\\.nuget\\packages\\system.threading.channels\\4.7.1"
    },
    {
      "Package": {
        "Id": "System.Threading.Tasks.Dataflow",
        "Version": "5.0.0"
      },
      "Assemblies": [
        "C:\\Users\\AFRIN\\.nuget\\packages\\system.threading.tasks.dataflow\\5.0.0\\lib\\net461\\System.Threading.Tasks.Dataflow.dll"
      ],
      "Path": "C:\\Users\\AFRIN\\.nuget\\packages\\system.threading.tasks.dataflow\\5.0.0"
    },
    {
      "Package": {
        "Id": "System.Threading.Tasks.Extensions",
        "Version": "4.5.4"
      },
      "Assemblies": [
        "C:\\Users\\AFRIN\\.nuget\\packages\\system.threading.tasks.extensions\\4.5.4\\lib\\net461\\System.Threading.Tasks.Extensions.dll"
      ],
      "Path": "C:\\Users\\AFRIN\\.nuget\\packages\\system.threading.tasks.extensions\\4.5.4"
    },
    {
      "Package": {
        "Id": "System.ValueTuple",
        "Version": "4.5.0"
      },
      "Assemblies": [
        "C:\\Users\\AFRIN\\.nuget\\packages\\system.valuetuple\\4.5.0\\lib\\net461\\System.ValueTuple.dll"
      ],
      "Path": "C:\\Users\\AFRIN\\.nuget\\packages\\system.valuetuple\\4.5.0"
    },
    {
      "Package": {
        "Id": "UiPath",
        "Version": "21.10.49.13436"
      },
      "Assemblies": [
        "C:\\Users\\AFRIN\\.nuget\\packages\\uipath\\21.10.49.13436\\lib\\net45\\UiPath.Interop.dll"
      ],
      "Path": "C:\\Users\\AFRIN\\.nuget\\packages\\uipath\\21.10.49.13436"
    },
    {
      "Package": {
        "Id": "UiPath.Activities.RuntimeGovernance",
        "Version": "1.1.3"
      },
      "Assemblies": [
        "C:\\Users\\AFRIN\\.nuget\\packages\\uipath.activities.runtimegovernance\\1.1.3\\lib\\net461\\UiPath.Activities.RuntimeGovernance.dll"
      ],
      "Path": "C:\\Users\\AFRIN\\.nuget\\packages\\uipath.activities.runtimegovernance\\1.1.3"
    },
    {
      "Package": {
        "Id": "UiPath.ConnectionClient",
        "Version": "1.0.0-20210921.1"
      },
      "Assemblies": [
        "C:\\Users\\AFRIN\\.nuget\\packages\\uipath.connectionclient\\1.0.0-20210921.1\\lib\\net461\\ConnectionClient.dll"
      ],
      "Path": "C:\\Users\\AFRIN\\.nuget\\packages\\uipath.connectionclient\\1.0.0-20210921.1"
    },
    {
      "Package": {
        "Id": "UiPath.Excel.Activities",
        "Version": "2.11.4"
      },
      "Assemblies": [
        "C:\\Users\\AFRIN\\.nuget\\packages\\uipath.excel.activities\\2.11.4\\lib\\net461\\Microsoft.Office.Interop.Excel.dll",
        "C:\\Users\\AFRIN\\.nuget\\packages\\uipath.excel.activities\\2.11.4\\lib\\net461\\Microsoft.Vbe.Interop.dll",
        "C:\\Users\\AFRIN\\.nuget\\packages\\uipath.excel.activities\\2.11.4\\lib\\net461\\Office.dll",
        "C:\\Users\\AFRIN\\.nuget\\packages\\uipath.excel.activities\\2.11.4\\lib\\net461\\UiPath.Excel.Activities.Design.dll",
        "C:\\Users\\AFRIN\\.nuget\\packages\\uipath.excel.activities\\2.11.4\\lib\\net461\\UiPath.Excel.Activities.Package.dll",
        "C:\\Users\\AFRIN\\.nuget\\packages\\uipath.excel.activities\\2.11.4\\lib\\net461\\UiPath.Excel.Activities.dll",
        "C:\\Users\\AFRIN\\.nuget\\packages\\uipath.excel.activities\\2.11.4\\lib\\net461\\UiPath.Excel.dll"
      ],
      "Path": "C:\\Users\\AFRIN\\.nuget\\packages\\uipath.excel.activities\\2.11.4"
    },
    {
      "Package": {
        "Id": "UiPath.ImageProcessing",
        "Version": "21.10.3"
      },
      "Assemblies": [
        "C:\\Users\\AFRIN\\.nuget\\packages\\uipath.imageprocessing\\21.10.3\\lib\\net461\\UiPath.ImageProcessingInterop.dll"
      ],
      "Path": "C:\\Users\\AFRIN\\.nuget\\packages\\uipath.imageprocessing\\21.10.3"
    },
    {
      "Package": {
        "Id": "UiPath.Mail.Activities",
        "Version": "1.12.3"
      },
      "Assemblies": [
        "C:\\Users\\AFRIN\\.nuget\\packages\\uipath.mail.activities\\1.12.3\\lib\\net461\\Interop.Domino.UiPath.dll",
        "C:\\Users\\AFRIN\\.nuget\\packages\\uipath.mail.activities\\1.12.3\\lib\\net461\\Microsoft.Office.Interop.Outlook.dll",
        "C:\\Users\\AFRIN\\.nuget\\packages\\uipath.mail.activities\\1.12.3\\lib\\net461\\Microsoft.Office.Interop.Word.dll",
        "C:\\Users\\AFRIN\\.nuget\\packages\\uipath.mail.activities\\1.12.3\\lib\\net461\\Office.dll",
        "C:\\Users\\AFRIN\\.nuget\\packages\\uipath.mail.activities\\1.12.3\\lib\\net461\\UiPath.Mail.Activities.Design.dll",
        "C:\\Users\\AFRIN\\.nuget\\packages\\uipath.mail.activities\\1.12.3\\lib\\net461\\UiPath.Mail.Activities.Package.dll",
        "C:\\Users\\AFRIN\\.nuget\\packages\\uipath.mail.activities\\1.12.3\\lib\\net461\\UiPath.Mail.Activities.dll",
        "C:\\Users\\AFRIN\\.nuget\\packages\\uipath.mail.activities\\1.12.3\\lib\\net461\\UiPath.Mail.dll",
        "C:\\Users\\AFRIN\\.nuget\\packages\\uipath.mail.activities\\1.12.3\\lib\\net461\\UiPath.MainSessionServer.Shared.dll"
      ],
      "Path": "C:\\Users\\AFRIN\\.nuget\\packages\\uipath.mail.activities\\1.12.3"
    },
    {
      "Package": {
        "Id": "UiPath.OCR.Activities",
        "Version": "3.3.2"
      },
      "Assemblies": [
        "C:\\Users\\AFRIN\\.nuget\\packages\\uipath.ocr.activities\\3.3.2\\lib\\net461\\UiPath.OCR.Activities.Design.dll",
        "C:\\Users\\AFRIN\\.nuget\\packages\\uipath.ocr.activities\\3.3.2\\lib\\net461\\UiPath.OCR.Activities.dll",
        "C:\\Users\\AFRIN\\.nuget\\packages\\uipath.ocr.activities\\3.3.2\\lib\\net461\\UiPath.OCR.Core.dll"
      ],
      "Path": "C:\\Users\\AFRIN\\.nuget\\packages\\uipath.ocr.activities\\3.3.2"
    },
    {
      "Package": {
        "Id": "UiPath.OCR.Contracts",
        "Version": "2.9.1"
      },
      "Assemblies": [
        "C:\\Users\\AFRIN\\.nuget\\packages\\uipath.ocr.contracts\\2.9.1\\lib\\net461\\UiPath.OCR.Contracts.dll"
      ],
      "Path": "C:\\Users\\AFRIN\\.nuget\\packages\\uipath.ocr.contracts\\2.9.1"
    },
    {
      "Package": {
        "Id": "UiPath.Platform",
        "Version": "21.10.0"
      },
      "Assemblies": [
        "C:\\Users\\AFRIN\\.nuget\\packages\\uipath.platform\\21.10.0\\lib\\net461\\UiPath.Platform.dll"
      ],
      "Path": "C:\\Users\\AFRIN\\.nuget\\packages\\uipath.platform\\21.10.0"
    },
    {
      "Package": {
        "Id": "UiPath.System.Activities",
        "Version": "21.10.6"
      },
      "Assemblies": [
        "C:\\Users\\AFRIN\\.nuget\\packages\\uipath.system.activities\\21.10.6\\lib\\net461\\UiPath.OrchestratorClient.dll",
        "C:\\Users\\AFRIN\\.nuget\\packages\\uipath.system.activities\\21.10.6\\lib\\net461\\UiPath.System.Activities.Design.dll",
        "C:\\Users\\AFRIN\\.nuget\\packages\\uipath.system.activities\\21.10.6\\lib\\net461\\UiPath.System.Activities.dll"
      ],
      "Path": "C:\\Users\\AFRIN\\.nuget\\packages\\uipath.system.activities\\21.10.6"
    },
    {
      "Package": {
        "Id": "UiPath.Telemetry.Client",
        "Version": "1.5.3"
      },
      "Assemblies": [
        "C:\\Users\\AFRIN\\.nuget\\packages\\uipath.telemetry.client\\1.5.3\\lib\\net461\\TelemetryClient.dll"
      ],
      "Path": "C:\\Users\\AFRIN\\.nuget\\packages\\uipath.telemetry.client\\1.5.3"
    },
    {
      "Package": {
        "Id": "UiPath.UIAutomation.Activities",
        "Version": "21.10.8"
      },
      "Assemblies": [
        "C:\\Users\\AFRIN\\.nuget\\packages\\uipath.uiautomation.activities\\21.10.8\\lib\\net461\\UiPath.CV.Activities.Design.dll",
        "C:\\Users\\AFRIN\\.nuget\\packages\\uipath.uiautomation.activities\\21.10.8\\lib\\net461\\UiPath.CV.Activities.dll",
        "C:\\Users\\AFRIN\\.nuget\\packages\\uipath.uiautomation.activities\\21.10.8\\lib\\net461\\UiPath.CV.dll",
        "C:\\Users\\AFRIN\\.nuget\\packages\\uipath.uiautomation.activities\\21.10.8\\lib\\net461\\UiPath.UIAutomation.Activities.Design.dll",
        "C:\\Users\\AFRIN\\.nuget\\packages\\uipath.uiautomation.activities\\21.10.8\\lib\\net461\\UiPath.UIAutomationCore.dll",
        "C:\\Users\\AFRIN\\.nuget\\packages\\uipath.uiautomation.activities\\21.10.8\\lib\\net461\\UiPath.UIAutomationNext.Activities.Design.dll",
        "C:\\Users\\AFRIN\\.nuget\\packages\\uipath.uiautomation.activities\\21.10.8\\lib\\net461\\UiPath.UIAutomationNext.Activities.dll",
        "C:\\Users\\AFRIN\\.nuget\\packages\\uipath.uiautomation.activities\\21.10.8\\lib\\net461\\UiPath.UIAutomationNext.dll",
        "C:\\Users\\AFRIN\\.nuget\\packages\\uipath.uiautomation.activities\\21.10.8\\lib\\net461\\UiPath.UiAutomation.Activities.dll",
        "C:\\Users\\AFRIN\\.nuget\\packages\\uipath.uiautomation.activities\\21.10.8\\lib\\net461\\UiPath.Wizards.dll"
      ],
      "Path": "C:\\Users\\AFRIN\\.nuget\\packages\\uipath.uiautomation.activities\\21.10.8"
    },
    {
      "Package": {
        "Id": "UiPath.Vision",
        "Version": "3.1.4"
      },
      "Assemblies": [
        "C:\\Users\\AFRIN\\.nuget\\packages\\uipath.vision\\3.1.4\\lib\\net461\\UiPath.Vision.AzureComputerVision.dll",
        "C:\\Users\\AFRIN\\.nuget\\packages\\uipath.vision\\3.1.4\\lib\\net461\\UiPath.Vision.Core.dll",
        "C:\\Users\\AFRIN\\.nuget\\packages\\uipath.vision\\3.1.4\\lib\\net461\\UiPath.Vision.GoogleCloud.dll",
        "C:\\Users\\AFRIN\\.nuget\\packages\\uipath.vision\\3.1.4\\lib\\net461\\UiPath.Vision.Microsoft.dll",
        "C:\\Users\\AFRIN\\.nuget\\packages\\uipath.vision\\3.1.4\\lib\\net461\\UiPath.Vision.Tesseract.dll",
        "C:\\Users\\AFRIN\\.nuget\\packages\\uipath.vision\\3.1.4\\lib\\net461\\UiPath.Vision.dll"
      ],
      "Path": "C:\\Users\\AFRIN\\.nuget\\packages\\uipath.vision\\3.1.4"
    }
  ]
}